r,U_00,U_01,U_11,hs_00,hs_01,hs_11,lj_00,lj_01,lj_11,coulomb_00,coulomb_01,coulomb_11
0.01,inf,inf,inf,inf,inf,inf,3.9999999999959997e+24,1.5375096234466818e+25,5.349660268951808e+25,100.0,-100.0,100.0
0.02,inf,inf,inf,inf,inf,inf,9.765624999375e+20,3.753685603984387e+21,1.3060694015720064e+22,50.0,-50.0,50.0
0.03,inf,inf,inf,inf,inf,inf,7.52670568714872e+18,2.8930956076306956e+19,1.00663295975424e+20,33.333333333333336,-33.333333333333336,33.333333333333336
0.04,inf,inf,inf,inf,inf,inf,2.38418578125e+17,9.164271473245004e+17,3.188645995626e+18,25.0,-25.0,25.0
0.05,inf,inf,inf,inf,inf,inf,1.6383999744e+16,6.2976393620965816e+16,2.191220834697212e+17,20.0,-20.0,20.0
0.06,inf,inf,inf,inf,inf,inf,1837574546257253.0,7063221515205972.0,2.4575999616e+16,16.666666666666668,-16.666666666666668,16.666666666666668
0.07,inf,inf,inf,inf,inf,inf,288990429236596.3,1110813972005993.1,3865001845918116.0,14.285714285714285,-14.285714285714285,14.285714285714285
0.08,inf,inf,inf,inf,inf,inf,58207645654678.34,223737063924918.78,778477959000000.0,12.5,-12.5,12.5
0.09,inf,inf,inf,inf,inf,inf,14162817119182.9,54438681639864.2,189415717048733.66,11.11111111111111,-11.11111111111111,11.11111111111111
0.1,inf,inf,inf,inf,inf,inf,3999996000000.0,15375087555634.502,53496584773631.91,10.0,-10.0,10.0
0.11,inf,inf,inf,inf,inf,inf,1274521012945.7085,4898974586586.87,17045656146632.174,9.090909090909092,-9.090909090909092,9.090909090909092
0.12,inf,inf,inf,inf,inf,inf,448625279546.55396,1724416454124.0166,5999994000000.0,8.333333333333334,-8.333333333333334,8.333333333333334
0.13,inf,inf,inf,inf,inf,inf,171687100967.1219,659927812201.6918,2296176528313.4336,7.692307692307692,-7.692307692307692,7.692307692307692
0.14,inf,inf,inf,inf,inf,inf,70553781072.25067,271193682754.71738,943601624050.2495,7.142857142857142,-7.142857142857142,7.142857142857142
0.15,inf,inf,inf,inf,inf,inf,30829035351.054977,118500434208.88898,412315287552.0,6.666666666666667,-6.666666666666667,6.666666666666667
0.16,inf,inf,inf,inf,inf,inf,14210616296.622902,54622797405.86052,190057044273.37646,6.25,-6.25,6.25
0.17,inf,inf,inf,inf,inf,inf,6865346349.879549,26389117623.550163,91819650581.01675,5.88235294117647,-5.88235294117647,5.88235294117647
0.18,inf,inf,inf,inf,inf,inf,3457603256.0361977,13290442578.448183,46243553026.582466,5.555555555555555,-5.555555555555555,5.555555555555555
0.19,inf,inf,inf,inf,inf,inf,1807158928.0045152,6946452941.835154,24169972089.927124,5.2631578947368425,-5.2631578947368425,5.2631578947368425
0.2,inf,inf,inf,inf,inf,inf,976500000.0,3753549997.2294254,13060414079.999977,5.0,-5.0,5.0
0.21,inf,inf,inf,inf,inf,inf,543739902.7267331,2090091408.4988222,7272474242.92327,4.761904761904762,-4.761904761904762,4.761904761904762
0.22,inf,inf,inf,inf,inf,inf,311127628.2996423,1195963366.9138865,4161381597.608757,4.545454545454546,-4.545454545454546,4.545454545454546
0.23,inf,inf,inf,inf,inf,inf,182499493.37942132,701532052.3617924,2441016073.9327073,4.3478260869565215,-4.3478260869565215,4.3478260869565215
0.24,inf,inf,inf,inf,inf,inf,109507052.06455824,420955405.99799067,1464750000.0,4.166666666666667,-4.166666666666667,4.166666666666667
0.25,inf,inf,inf,inf,inf,inf,67092480.0,257915762.01386094,897450675.045742,4.0,-4.0,4.0
0.26,inf,inf,inf,inf,inf,inf,41903049.94188027,161087532.98092833,560532882.8417071,3.846153846153846,-3.846153846153846,3.846153846153846
0.27,inf,inf,inf,inf,inf,inf,26639528.52233578,102413612.87321141,356372908.30151856,3.7037037037037033,-3.7037037037037033,3.7037037037037033
0.28,inf,inf,inf,inf,inf,inf,17216873.260370098,66191666.61694003,230334892.77237627,3.571428571428571,-3.571428571428571,3.571428571428571
0.29,inf,inf,inf,inf,inf,inf,11298625.429097703,43440620.87571364,151169336.13528362,3.4482758620689657,-3.4482758620689657,3.4482758620689657
0.3,inf,inf,inf,inf,inf,inf,7521218.7241857555,28919050.956529725,100638720.0,3.3333333333333335,-3.3333333333333335,3.3333333333333335
0.31,inf,inf,inf,inf,inf,inf,5073808.319410025,19510117.84158358,67897967.7084052,3.2258064516129035,-3.2258064516129035,3.2258064516129035
0.32,inf,inf,inf,inf,inf,inf,3465721.661655152,13327687.391132154,46384220.799431205,3.125,-3.125,3.125
0.33,inf,inf,inf,inf,inf,inf,2395143.138864691,9211574.059060894,32060555.806594677,3.0303030303030303,-3.0303030303030303,3.0303030303030303
0.34,inf,inf,inf,inf,inf,inf,1673561.0823467076,6437125.368359404,22405490.568902683,2.941176470588235,-2.941176470588235,2.941176470588235
0.35000000000000003,inf,inf,inf,inf,inf,inf,1181528.9733182073,4545173.119892025,15821302.093664896,2.8571428571428568,-2.8571428571428568,2.8571428571428568
0.36,inf,inf,inf,inf,inf,inf,842332.557402346,3240812.2500619283,11281828.086278632,2.7777777777777777,-2.7777777777777777,2.7777777777777777
0.37,inf,inf,inf,inf,inf,inf,606071.1198903655,2332210.3350155484,8119554.165681833,2.7027027027027026,-2.7027027027027026,2.7027027027027026
0.38,inf,inf,inf,inf,inf,inf,439893.1774463845,1693073.9616866433,5895014.788840524,2.6315789473684212,-2.6315789473684212,2.6315789473684212
0.39,inf,inf,inf,inf,inf,inf,321924.3600711909,1239307.528480127,4315576.658486728,2.564102564102564,-2.564102564102564,2.564102564102564
0.4,inf,inf,inf,inf,inf,inf,237442.0166015625,914308.2917782142,3184271.9999999944,2.5,-2.5,2.5
0.41000000000000003,inf,inf,inf,inf,inf,inf,176435.45081194246,679587.7158598353,2367164.8121344643,2.4390243902439024,-2.4390243902439024,2.4390243902439024
0.42,inf,inf,inf,inf,inf,inf,132031.66005919833,508719.8036308492,1772293.459977314,2.380952380952381,-2.380952380952381,2.380952380952381
0.43,inf,inf,inf,inf,inf,inf,99468.25004389904,383392.78476872307,1335932.006650522,2.3255813953488373,-2.3255813953488373,2.3255813953488373
0.44,inf,inf,inf,inf,inf,inf,75416.2627441542,290805.89208564017,1013531.8733988024,2.272727272727273,-2.272727272727273,2.272727272727273
0.45,inf,inf,inf,inf,inf,inf,57529.22058523105,221935.7375767868,773689.3513296861,2.2222222222222223,-2.2222222222222223,2.2222222222222223
0.46,inf,inf,inf,inf,inf,inf,44139.94225354482,170370.74621569735,594089.7359095933,2.1739130434782608,-2.1739130434782608,2.1739130434782608
0.47000000000000003,inf,inf,inf,inf,inf,inf,34054.846644601064,131520.3552762975,458755.5118177248,2.127659574468085,-2.127659574468085,2.127659574468085
0.48,inf,inf,inf,inf,inf,inf,26413.181465180474,102073.8022904373,356163.02490234375,2.0833333333333335,-2.0833333333333335,2.0833333333333335
0.49,inf,inf,inf,inf,inf,inf,20589.881497108578,79626.6408444202,277942.7981179992,2.0408163265306123,-2.0408163265306123,2.0408163265306123
0.5,inf,inf,inf,inf,inf,inf,16128.0,62420.94835264022,217975.46676033933,2.0,-2.0,2.0
0.51,inf,inf,inf,inf,inf,inf,12691.351514890186,49163.23703497712,171758.10449677828,1.9607843137254901,-1.9607843137254901,1.9607843137254901
0.52,inf,inf,inf,inf,inf,inf,10031.077541732866,38895.89309299519,135956.8188021406,1.923076923076923,-1.923076923076923,1.923076923076923
0.53,inf,inf,inf,inf,inf,inf,7961.876154493015,30905.771146114726,108088.64259400437,1.8867924528301885,-1.8867924528301885,1.8867924528301885
0.54,inf,inf,inf,inf,inf,inf,6344.988397173841,24658.767509846526,86293.83087784637,1.8518518518518516,-1.8518518518518516,1.8518518518518516
0.55,inf,inf,inf,inf,inf,inf,5075.941991272717,19752.685285803545,69171.81311225603,1.8181818181818181,-1.8181818181818181,1.8181818181818181
0.56,inf,inf,inf,inf,inf,inf,4075.667155795859,15883.065688145309,55662.26914533913,1.7857142857142856,-1.7857142857142856,1.7857142857142856
0.5700000000000001,inf,inf,inf,inf,inf,inf,3284.0181780169787,12818.270204298502,44958.39953517678,1.7543859649122806,-1.7543859649122806,1.7543859649122806
0.58,inf,inf,inf,inf,inf,inf,2655.0220257246174,10381.204057796882,36443.30923087683,1.7241379310344829,-1.7241379310344829,1.7241379310344829
0.59,inf,inf,inf,inf,inf,inf,2153.374227142792,8435.836257401803,29643.08499859489,1.6949152542372883,-1.6949152542372883,1.6949152542372883
0.6,inf,inf,inf,inf,inf,inf,1751.8407499609561,6877.204018687012,24192.0,1.6666666666666667,-1.6666666666666667,1.6666666666666667
0.61,inf,inf,inf,inf,inf,inf,1429.3216676831184,5623.962501490684,19806.577476253915,1.639344262295082,-1.639344262295082,1.639344262295082
0.62,inf,inf,inf,inf,inf,inf,1169.4008386522562,4612.803936343195,16266.16116598833,1.6129032258064517,-1.6129032258064517,1.6129032258064517
0.63,inf,inf,inf,inf,inf,inf,959.2543710021738,3794.2568773695857,13398.289676823228,1.5873015873015872,-1.5873015873015872,1.5873015873015872
0.64,inf,inf,inf,inf,inf,inf,788.8252863408329,3129.509510991053,11067.635544804943,1.5625,-1.5625,1.5625
0.65,inf,inf,inf,inf,inf,inf,650.196649911924,2587.996522385364,9167.602320387305,1.5384615384615383,-1.5384615384615383,1.5384615384615383
0.66,inf,inf,inf,inf,inf,inf,537.1133662668011,2145.557974009476,7613.912986909076,1.5151515151515151,-1.5151515151515151,1.5151515151515151
0.67,inf,inf,inf,inf,inf,inf,444.6158439176194,1783.0286594075706,6339.6970619667645,1.4925373134328357,-1.4925373134328357,1.4925373134328357
0.68,inf,inf,inf,inf,inf,inf,368.75821183301923,1485.1528504370115,5291.710607980391,1.4705882352941175,-1.4705882352941175,1.4705882352941175
0.6900000000000001,inf,inf,inf,inf,inf,inf,306.3907146145016,1239.746061824221,4427.416326157455,1.4492753623188404,-1.4492753623188404,1.4492753623188404
0.7000000000000001,inf,inf,inf,inf,inf,inf,254.9910242267788,1037.0451144926408,3712.719326864857,1.4285714285714284,-1.4285714285714284,1.4285714285714284
0.71,inf,inf,inf,inf,inf,inf,212.5329855207067,869.2023157402431,3120.204766276617,1.4084507042253522,-1.4084507042253522,1.4084507042253522
0.72,inf,inf,inf,inf,inf,inf,177.38412001633412,729.8903725030482,2627.761124941434,1.3888888888888888,-1.3888888888888888,1.3888888888888888
0.73,inf,inf,inf,inf,inf,inf,148.22530666047703,613.9927101126915,2217.500946480235,1.36986301369863,-1.36986301369863,1.36986301369863
0.74,inf,inf,inf,inf,inf,inf,123.98762723978658,517.3599049063101,1874.911865834752,1.3513513513513513,-1.3513513513513513,1.3513513513513513
0.75,inf,inf,inf,inf,inf,inf,103.80254440285933,436.6174800075643,1588.186564263934,1.3333333333333333,-1.3333333333333333,1.3333333333333333
0.76,inf,inf,inf,inf,inf,inf,86.96247166612383,369.0137435199055,1347.692228887396,1.3157894736842106,-1.3157894736842106,1.3157894736842106
0.77,inf,inf,inf,inf,inf,inf,72.88947065421416,312.2989491726363,1145.5491491708028,1.2987012987012987,-1.2987012987012987,1.2987012987012987
0.78,inf,inf,inf,inf,inf,inf,61.11032520990781,264.62903902121695,975.2949748678861,1.282051282051282,-1.282051282051282,1.282051282051282
0.79,inf,inf,inf,inf,inf,inf,51.23663492532994,224.48874006067726,831.6164253521406,1.2658227848101264,-1.2658227848101264,1.2658227848101264
0.8,inf,inf,inf,inf,inf,inf,42.94887185096741,190.62994601419638,710.1342773437487,1.25,-1.25,1.25
0.81,inf,inf,inf,inf,inf,inf,35.98357584165875,162.02220753665281,607.2305641170251,1.2345679012345678,-1.2345679012345678,1.2345679012345678
0.8200000000000001,inf,inf,inf,inf,inf,inf,30.123042839984254,137.81284263755532,519.9093171769181,1.2195121951219512,-1.2195121951219512,1.2195121951219512
0.8300000000000001,inf,inf,inf,inf,inf,inf,25.186998892416003,117.29471242388114,445.68403870834504,1.2048192771084336,-1.2048192771084336,1.2048192771084336
0.84,inf,inf,inf,inf,inf,inf,21.02586028874196,99.88012163356893,382.4865363401689,1.1904761904761905,-1.1904761904761905,1.1904761904761905
0.85,inf,inf,inf,inf,inf,inf,17.515264066338204,85.07962640605096,328.59287676829564,1.1764705882352942,-1.1764705882352942,1.1764705882352942
0.86,inf,inf,inf,inf,inf,inf,14.551618667040698,72.48478424591522,282.5630944089862,1.1627906976744187,-1.1627906976744187,1.1627906976744187
0.87,inf,inf,inf,inf,inf,inf,12.048475924053363,61.75407914284011,243.1919810799298,1.1494252873563218,-1.1494252873563218,1.1494252873563218
0.88,inf,inf,inf,inf,inf,inf,9.933565963894342,52.60141053152691,209.46882526497154,1.1363636363636365,-1.1363636363636365,1.1363636363636365
0.89,inf,inf,inf,inf,inf,inf,8.146368470645267,44.786657588103004,180.54439746319912,1.1235955056179776,-1.1235955056179776,1.1235955056179776
0.9,inf,inf,inf,inf,inf,inf,6.636118953252923,38.10792748730837,155.703816604289,1.1111111111111112,-1.1111111111111112,1.1111111111111112
0.91,inf,inf,inf,inf,inf,inf,5.360168630798919,32.395173267391876,134.3442009589158,1.0989010989010988,-1.0989010989010988,1.0989010989010988
0.92,inf,inf,inf,inf,inf,inf,4.282632428455795,27.50492819026364,115.95622044067701,1.0869565217391304,-1.0869565217391304,1.0869565217391304
0.93,inf,inf,inf,inf,inf,inf,3.3732722308027254,23.315952302592752,100.10883738403466,1.075268817204301,-1.075268817204301,1.075268817204301
0.9400000000000001,inf,inf,inf,inf,inf,inf,2.6065726491632555,19.725625917256483,86.43665890936163,1.0638297872340425,-1.0638297872340425,1.0638297872340425
0.9500000000000001,inf,inf,inf,inf,inf,inf,1.9609746568876094,16.64695598982231,74.62943297747256,1.0526315789473684,-1.0526315789473684,1.0526315789473684
0.96,inf,inf,inf,inf,inf,inf,1.4182389472676746,14.006086464800076,64.42330777645111,1.0416666666666667,-1.0416666666666667,1.0416666666666667
0.97,inf,inf,inf,inf,inf,inf,0.9629161000280808,11.740223870928036,55.59354456133322,1.0309278350515465,-1.0309278350515465,1.0309278350515465
0.98,inf,inf,inf,inf,inf,inf,0.5819048616304521,9.795905746053988,47.948430939215044,1.0204081632653061,-1.0204081632653061,1.0204081632653061
0.99,inf,inf,inf,inf,inf,inf,0.2640832553276775,8.127552653941036,41.324187589127504,1.0101010101010102,-1.0101010101010102,1.0101010101010102
1.0,1.0,inf,inf,0.0,inf,inf,0.0,6.696255238046089,35.58069868953598,1.0,-1.0,1.0
1.01,0.7717149699447776,inf,inf,0.0,inf,inf,-0.21838403995621247,5.468756433447264,30.59792661267466,0.9900990099009901,-0.9900990099009901,0.9900990099009901
1.02,0.5824793304446015,inf,inf,0.0,inf,inf,-0.3979128264181435,4.416596019421548,26.272896099507307,0.9803921568627451,-0.9803921568627451,0.9803921568627451
1.03,0.4264562804450418,inf,inf,0.0,inf,inf,-0.5444175059627252,3.5153904541215355,22.517153240862108,0.970873786407767,-0.970873786407767,0.970873786407767
1.04,0.2986685569381391,inf,inf,0.0,inf,inf,-0.6628699046003224,2.7442256390825084,19.25462102965433,0.9615384615384615,-0.9615384615384615,0.9615384615384615
1.05,0.1948690385446794,inf,inf,0.0,inf,inf,-0.7575119138362729,2.0851441149400523,16.419786713448158,0.9523809523809523,-0.9523809523809523,0.9523809523809523
1.06,0.11143151896439052,inf,inf,0.0,inf,inf,-0.8319647074507037,1.5227113513495265,13.956167225845007,0.9433962264150942,-0.9433962264150942,0.9433962264150942
1.07,0.045258380949227406,inf,inf,0.0,inf,inf,-0.889321058303109,1.043648392873627,11.815008059860899,0.9345794392523364,-0.9345794392523364,0.9345794392523364
1.08,-0.006297547022527494,inf,inf,0.0,inf,inf,-0.9322234729484533,0.6365202627186787,9.954178429879347,0.9259259259259258,-0.9259259259259258,0.9259259259259258
1.09,-0.045499214441570346,inf,inf,0.0,inf,inf,-0.9629304071021207,0.2914712918162384,8.337231744500606,0.9174311926605504,-0.9174311926605504,0.9174311926605504
1.1,-0.07428154028277356,-0.9090909090909091,inf,0.0,0.0,inf,-0.9833724493736826,0.0,6.932605518346729,0.9090909090909091,-0.9090909090909091,0.9090909090909091
1.11,-0.09429914899937741,-1.146133536710892,inf,0.0,0.0,inf,-0.9952000499002782,-0.24523263580999122,5.7129390794664925,0.9009009009009008,-0.9009009009009008,0.9009009009009008
1.12,-0.10696697007058398,-1.3434238323695749,inf,0.0,0.0,inf,-0.9998241129277268,-0.4505666895124321,4.654490937173961,0.8928571428571428,-0.8928571428571428,0.8928571428571428
1.1300000000000001,-0.11349480633801046,-1.5064386527271987,inf,0.0,0.0,inf,-0.9984505585503998,-0.6214829005148094,3.736640590621167,0.8849557522123893,-0.8849557522123893,0.8849557522123893
1.1400000000000001,-0.11491679855737447,-1.6399150157053,inf,0.0,0.0,inf,-0.9921097810135148,-0.7627220332491597,2.941461985331414,0.8771929824561403,-0.8771929824561403,0.8771929824561403
1.1500000000000001,-0.11211656550825722,-1.7479522596447385,inf,0.0,0.0,inf,-0.9816817828995614,-0.8783870422534343,2.2533578484672474,0.8695652173913042,-0.8695652173913042,0.8695652173913042
1.16,-0.10584867548653476,-1.8340995871550048,inf,0.0,0.0,inf,-0.9679176410037762,-0.9720306216377634,1.6587458235321413,0.8620689655172414,-0.8620689655172414,0.8620689655172414
1.17,-0.09675700182001579,-1.9014311695320758,inf,0.0,0.0,inf,-0.9514578565208706,-1.046730314831221,1.1457887387274486,0.8547008547008548,-0.8547008547008548,0.8547008547008548
1.18,-0.08539042872259517,-1.9526106502337206,inf,0.0,0.0,inf,-0.9328480558412393,-1.1051530231150763,0.7041625273448728,0.8474576271186441,-0.8474576271186441,0.8474576271186441
1.19,-0.07221630147652125,-1.989946602966203,inf,0.0,0.0,inf,-0.9125524359303028,-1.1496104685124213,0.32485631208577725,0.8403361344537815,-0.8403361344537815,0.8403361344537815
1.2,-0.05763195424974277,-2.0154402623180103,0.8333333333333334,0.0,0.0,0.0,-0.8909652875830761,-1.182106928984677,0.0,0.8333333333333334,-0.8333333333333334,0.8333333333333334
1.21,-0.04197459787060931,-2.030826645029938,0.5491617181952816,0.0,0.0,0.0,-0.8684208788623449,-1.2043803640382025,-0.27728456279645397,0.8264462809917356,-0.8264462809917356,0.8264462809917356
1.22,-0.025529806987282466,-2.03761001167523,0.30665989564024687,0.0,0.0,0.0,-0.8452019381348235,-1.217937880527689,-0.5130122355072941,0.819672131147541,-0.819672131147541,0.819672131147541
1.23,-0.008538809902354005,-2.0370944765677574,0.10056224459012197,0.0,0.0,0.0,-0.8215469399836548,-1.2240863464864564,-0.7124458854911788,0.8130081300813008,-0.8130081300813008,0.8130081300813008
1.24,0.00879524611001592,-2.0304104538299113,-0.07374117386187573,0.0,0.0,0.0,-0.79765636679321,-1.2239588409266853,-0.8801927867651016,0.8064516129032259,-0.8064516129032259,0.8064516129032259
1.25,0.02630190694399981,-2.018537526169194,-0.22028819419739665,0.0,0.0,0.0,-0.7736980930560002,-1.2185375261691935,-1.0202881941973967,0.8,-0.8,0.8
1.26,0.0438387759721538,-2.0023242370656336,-0.3426170771036158,0.0,0.0,0.0,-0.7498120176786398,-1.20867344341484,-1.1362678707544094,0.7936507936507936,-0.7936507936507936,0.7936507936507936
1.27,0.06128752367466317,-1.9825052342874272,-0.4438295135805721,0.0,0.0,0.0,-0.7261140511284864,-1.1951036594842777,-1.2312310883837216,0.7874015748031495,-0.7874015748031495,0.7874015748031495
1.28,0.07855045136532868,-1.95971613086461,-0.526645404978332,0.0,0.0,0.0,-0.7026995486346713,-1.17846613086461,-1.307895404978332,0.78125,-0.78125,0.78125
1.29,0.09554753105591995,-1.9345063971339735,-0.593450535871178,0.0,0.0,0.0,-0.6796462673936924,-1.159312598684361,-1.3686443343207904,0.7751937984496123,-0.7751937984496123,0.7751937984496123
1.3,0.1122138547707221,-1.9073505527778263,-0.6463380986577167,0.0,0.0,0.0,-0.6570169144600471,-1.1381197835470571,-1.415568867888486,0.7692307692307692,-0.7692307692307692,0.7692307692307692
1.31,0.12849743620981013,-1.8786578897033124,-0.6871448940370397,0.0,0.0,0.0,-0.634861342416144,-1.1152991110773582,-1.4505036726629938,0.7633587786259541,-0.7633587786259541,0.7633587786259541
1.32,0.14435731582313927,-1.8487809241310622,-0.7174829164847665,0.0,0.0,0.0,-0.6132184417526183,-1.0912051665553046,-1.475058674060524,0.7575757575757576,-0.7575757575757576,0.7575757575757576
1.33,0.15976192731662364,-1.818022748527428,-0.7387669355394764,0.0,0.0,0.0,-0.5921177719314966,-1.0661430492793078,-1.4906466347875966,0.7518796992481203,-0.7518796992481203,0.7518796992481203
1.34,0.1746876895498144,-1.7866434303041343,-0.7522385995842735,0.0,0.0,0.0,-0.5715809671666034,-1.0403747735877165,-1.4985072563006914,0.7462686567164178,-0.7462686567164178,0.7462686567164178
1.35,0.18911779285743735,-1.754865583916847,-0.7589875167409086,0.0,0.0,0.0,-0.5516229478833033,-1.0141248431761063,-1.4997282574816493,0.7407407407407407,-0.7407407407407407,0.7407407407407407
1.36,0.20304115316437876,-1.7228792256084673,-0.7599697056876599,0.0,0.0,0.0,-0.53225296448268,-0.9875851079614085,-1.4952638233347186,0.7352941176470588,-0.7352941176470588,0.7352941176470588
1.37,0.21645151097589976,-1.6908460051319043,-0.7560237561480685,0.0,0.0,0.0,-0.5134754963233703,-0.9609189978326342,-1.4859507634473386,0.7299270072992701,-0.7299270072992701,0.7299270072992701
1.3800000000000001,0.22934665550496935,-1.6589028959851864,-0.7478849931899221,0.0,0.0,0.0,-0.4952910256544508,-0.9342652148257663,-1.4725226743493423,0.7246376811594202,-0.7246376811594202,0.7246376811594202
1.3900000000000001,0.24172775692539217,-1.6271654146896526,-0.7361979002335233,0.0,0.0,0.0,-0.4776967035062625,-0.907740954257998,-1.455622360665178,0.7194244604316546,-0.7194244604316546,0.7194244604316546
1.4000000000000001,0.2535987920795693,-1.5957304301771313,-0.7215270218710921,0.0,0.0,0.0,-0.4606869222061449,-0.8814447158914172,-1.4358127361568063,0.7142857142857142,-0.7142857142857142,0.7142857142857142
1.41,0.26496605097978676,-1.564678616201853,-0.7043665384604584,0.0,0.0,0.0,-0.44425380717624163,-0.8554587580458244,-1.4135863966164868,0.7092198581560284,-0.7092198581560284,0.7092198581560284
1.42,0.2758377131699388,-1.5340765926679807,-0.6851486793086484,0.0,0.0,0.0,-0.4283876389427373,-0.8298512405553046,-1.3893740314213245,0.7042253521126761,-0.7042253521126761,0.7042253521126761
1.43,0.28622348450127527,-1.5039787957031687,-0.664251119536529,0.0,0.0,0.0,-0.4130772147994241,-0.8046780964024695,-1.3635518188372284,0.6993006993006994,-0.6993006993006994,0.6993006993006994
1.44,0.29613428615588544,-1.474429111075181,-0.6420034869301698,0.0,0.0,0.0,-0.398310158288559,-0.7799846666307366,-1.3364479313746143,0.6944444444444444,-0.6944444444444444,0.6944444444444444
1.45,0.30558198885468535,-1.4454623010255663,-0.6186930888250686,0.0,0.0,0.0,-0.3840731835591078,-0.7558071286117732,-1.3083482612388617,0.6896551724137931,-0.6896551724137931,0.6896551724137931
1.46,0.3145791861378781,-1.4171052506817228,-0.5945699549829696,0.0,0.0,0.0,-0.3703523207114369,-0.7321737438324077,-1.2795014618322846,0.684931506849315,-0.684931506849315,0.684931506849315
1.47,0.323139001426674,-1.3893780568212173,-0.5698512802060979,0.0,0.0,0.0,-0.3571331074168634,-0.70910594797768,-1.2501233890496353,0.6802721088435374,-0.6802721088435374,0.6802721088435374
1.48,0.3312749242838704,-1.3622949788269896,-0.5447253398320802,0.0,0.0,0.0,-0.34440075139180526,-0.6866193031513139,-1.2204010155077558,0.6756756756756757,-0.6756756756756757,0.6756756756756757
1.49,0.3390006719033459,-1.3358652691265902,-0.5193549420433038,0.0,0.0,0.0,-0.3321402676939696,-0.6647243295292747,-1.1904958816406193,0.6711409395973155,-0.6711409395973155,0.6711409395973155
1.5,0.3463300723880921,-1.3100938981994228,-0.49388047291733306,0.0,0.0,0.0,-0.3203365942785745,-0.6434272315327562,-1.1605471395839997,0.6666666666666666,-0.6666666666666666,0.6666666666666666
1.51,0.35327696683454635,-1.2849821873170824,-0.4684225831773141,0.0,0.0,0.0,-0.3089746887945928,-0.6227305316879432,-1.1306742388064532,0.6622516556291391,-0.6622516556291391,0.6622516556291391
1.52,0.35985512763758665,-1.260528360513967,-0.44308455953300685,0.0,0.0,0.0,-0.29803960920451866,-0.6026336236718616,-1.1009792963751122,0.6578947368421053,-0.6578947368421053,0.6578947368421053
1.53,0.3660781907740339,-1.2367280258344389,-0.4179544182138021,0.0,0.0,0.0,-0.28751658046779616,-0.5831332545926089,-1.0715491894556322,0.6535947712418301,-0.6535947712418301,0.6535947712418301
1.54,0.3719596001201708,-1.2135745946398016,-0.39310675368108705,0.0,0.0,0.0,-0.2773910492304785,-0.5642239452891522,-1.0424574030317364,0.6493506493506493,-0.6493506493506493,0.6493506493506493
1.55,0.37751256211683826,-1.1910596466581356,-0.3686043714791446,0.0,0.0,0.0,-0.26764872820574237,-0.5458983563355548,-1.0137656618017252,0.6451612903225806,-0.6451612903225806,0.6451612903225806
1.56,0.38275000931950065,-1.1691732475009537,-0.3444997306644296,0.0,0.0,0.0,-0.2582756317061403,-0.5281476064753128,-0.9855253716900706,0.641025641025641,-0.641025641025641,0.641025641025641
1.57,0.3876845715648941,-1.147904224534044,-0.3208362181758233,0.0,0.0,0.0,-0.2492581035943415,-0.5109615493748084,-0.957778893335059,0.6369426751592356,-0.6369426751592356,0.6369426751592356
1.58,0.3923285536544644,-1.1272404062596326,-0.2976492748158498,0.0,0.0,0.0,-0.2405828387505988,-0.4943290138545693,-0.930560667220913,0.6329113924050632,-0.6329113924050632,0.6329113924050632
1.59,0.39669391860120096,-1.1071688297292348,-0.2749673901550417,0.0,0.0,0.0,-0.2322368990088619,-0.478238012119172,-0.9038982077651045,0.6289308176100629,-0.6289308176100629,0.6289308176100629
1.6,0.4007922756136395,-1.0876759199491777,-0.2528129816055291,0.0,0.0,0.0,-0.2242077243863605,-0.46267591994917756,-0.8778129816055291,0.625,-0.625,0.625
1.61,0.40463487210129473,-1.0687476447533912,-0.23120317109816513,0.0,0.0,0.0,-0.21648314032106547,-0.4476296323310311,-0.8523211835205253,0.6211180124223602,-0.6211180124223602,0.6211180124223602
1.62,0.4082325890818047,-1.0503696481916287,-0.21015047120767105,0.0,0.0,0.0,-0.20905136153547918,-0.43308569757434473,-0.827434421824955,0.6172839506172839,-0.6172839506172839,0.6172839506172839
1.6300000000000001,0.4115959394535361,-1.032527365107967,-0.18966339117429887,0.0,0.0,0.0,-0.20190099306180131,-0.4190304325926296,-0.8031603236896363,0.6134969325153374,-0.6134969325153374,0.6134969325153374
1.6400000000000001,0.414735068669954,-1.015206119257467,-0.1697469720438426,0.0,0.0,0.0,-0.19502102889102158,-0.4054500216964916,-0.7795030696048182,0.6097560975609756,-0.6097560975609756,0.6097560975609756
1.6500000000000001,0.4176597574151504,-0.9983912070223384,-0.1504032590693809,0.0,0.0,0.0,-0.18840084864545562,-0.3923306009617324,-0.7564638651299869,0.606060606060606,-0.606060606060606,0.606060606060606
1.6600000000000001,0.4203794259347729,-0.9820679685377456,-0.1316317185692466,0.0,0.0,0.0,-0.1820302126194439,-0.3796583299835287,-0.7340413571234634,0.6024096385542168,-0.6024096385542168,0.6024096385542168
1.67,0.42290313972429044,-0.9662218478170304,-0.11342960560046911,0.0,0.0,0.0,-0.17589925548529045,-0.3674194526074495,-0.71223200081005,0.5988023952095809,-0.5988023952095809,0.5988023952095809
1.68,0.42523961631799106,-0.9508384432727721,-0.09579228807112261,0.0,0.0,0.0,-0.16999847892010417,-0.3556003480346769,-0.6910303833092178,0.5952380952380952,-0.5952380952380952,0.5952380952380952
1.69,0.42739723295815624,-0.93590354986034,-0.0787135322665592,0.0,0.0,0.0,-0.16431874337320473,-0.344187573528979,-0.6704295085979202,0.591715976331361,-0.591715976331361,0.591715976331361
1.7,0.42938403495518196,-0.9214031939215116,-0.062185754192595755,0.0,0.0,0.0,-0.15885125916246515,-0.3331678998038645,-0.6504210483102428,0.5882352941176471,-0.5882352941176471,0.5882352941176471
1.71,0.43120774457663597,-0.9073236616747486,-0.04620024063411976,0.0,0.0,0.0,-0.1535875770607909,-0.3225283400373218,-0.6309955622715466,0.5847953216374269,-0.5847953216374269,0.5847953216374269
1.72,0.4328757703268878,-0.8936515221835981,-0.03074734338210161,0.0,0.0,0.0,-0.14851957851032155,-0.3122561733463888,-0.612142692219311,0.5813953488372093,-0.5813953488372093,0.5813953488372093
1.73,0.43439521649947577,-0.8803736455334937,-0.01581664968845986,0.0,0.0,0.0,-0.14363946558144913,-0.30233896345256883,-0.5938513317693848,0.5780346820809249,-0.5780346820809249,0.5780346820809249
1.74,0.43577289290219084,-0.8674772168582179,-0.0013971316605003725,0.0,0.0,0.0,-0.13893975077597004,-0.292764573180057,-0.5761097753386613,0.5747126436781609,-0.5747126436781609,0.5747126436781609
1.75,0.43701532467030846,-0.8549497467790067,0.0125227230008772,0.0,0.0,0.0,-0.1344132467582629,-0.2835211753504353,-0.5589058484276942,0.5714285714285714,-0.5714285714285714,0.5714285714285714
1.76,0.43812876209678964,-0.8427790787503922,0.025954796787009404,0.0,0.0,0.0,-0.13005305608502857,-0.2745972605685739,-0.5422270213948088,0.5681818181818182,-0.5681818181818182,0.5681818181818182
1.77,0.43911919041986613,-0.8309533937462652,0.03891124279988434,0.0,0.0,0.0,-0.12585256099256328,-0.26598164233383575,-0.526060508612545,0.5649717514124294,-0.5649717514124294,0.5649717514124294
1.78,0.4399923395184549,-0.8194612126662753,0.05140439812487008,0.0,0.0,0.0,-0.1218054132905339,-0.2576634598572865,-0.5103933546841187,0.5617977528089888,-0.5617977528089888,0.5617977528089888
1.79,0.44075369347451526,-0.8082913967957299,0.06344670866828528,0.0,0.0,0.0,-0.11790552440257969,-0.249632178918635,-0.49521250920880966,0.5586592178770949,-0.5586592178770949,0.5586592178770949
1.8,0.44140849996893566,-0.7974331466107923,0.07505066413769379,0.0,0.0,0.0,-0.11414705558661992,-0.24187759105523676,-0.4805048914178618,0.5555555555555556,-0.5555555555555556,0.5555555555555556
1.81,0.44196177948398624,-0.786875999184373,0.08622874199114372,0.0,0.0,0.0,-0.11052440836131765,-0.23438981133906905,-0.4662574458541602,0.5524861878453039,-0.5524861878453039,0.5524861878453039
1.82,0.44241833429091015,-0.7766098244160562,0.09699335931314557,0.0,0.0,0.0,-0.10703221515963922,-0.22715927496550686,-0.4524571901374038,0.5494505494505494,-0.5494505494505494,0.5494505494505494
1.83,0.44278275720598675,-0.7666248202811691,0.10735683169190968,0.0,0.0,0.0,-0.10366533022570719,-0.22017673284947514,-0.43909125573978425,0.5464480874316939,-0.5464480874316939,0.5464480874316939
1.84,0.44305944010247267,-0.7569115072692562,0.11733133827596465,0.0,0.0,0.0,-0.10041882076709255,-0.213433246399691,-0.42614692259360054,0.5434782608695652,-0.5434782608695652,0.5434782608695652
1.85,0.4432525821693061,-0.7474607221603398,0.12692889228025972,0.0,0.0,0.0,-0.09728795837123441,-0.2069201816197993,-0.41361164826028074,0.5405405405405405,-0.5405405405405405,0.5405405405405405
1.86,0.4433661979104227,-0.7382636112680921,0.13616131629353695,0.0,0.0,0.0,-0.0942682106917278,-0.20062920266594164,-0.40147309230861356,0.5376344086021505,-0.5376344086021505,0.5376344086021505
1.87,0.4434041248810455,-0.7293116232620953,0.14504022181132126,0.0,0.0,0.0,-0.09135523340772446,-0.19455226497332534,-0.3897191364774487,0.53475935828877,-0.53475935828877,0.53475935828877
1.8800000000000001,0.44337003115943335,-0.7205965016664542,0.15357699248336765,0.0,0.0,0.0,-0.0885448624575879,-0.18868160804943285,-0.3783379011336536,0.5319148936170213,-0.5319148936170213,0.5319148936170213
1.8900000000000001,0.4432674225543599,-0.712110277118912,0.1617827706217153,0.0,0.0,0.0,-0.08583310654616917,-0.1830097480183829,-0.36731775847881376,0.5291005291005291,-0.5291005291005291,0.5291005291005291
1.9000000000000001,0.4430996495500847,-0.703845259463092,0.16966844656644942,0.0,0.0,0.0,-0.0832161399235995,-0.17752946998940775,-0.35664734290723477,0.5263157894736842,-0.5263157894736842,0.5263157894736842
1.9100000000000001,0.4428699139918177,-0.695794029736344,0.17724465055158556,0.0,0.0,0.0,-0.0806902954322661,-0.17223382031226023,-0.3463155588724982,0.5235602094240838,-0.5235602094240838,0.5235602094240838
1.92,0.44258127551569515,-0.6879494321067899,0.18452174675379263,0.0,0.0,0.0,-0.0782520578176382,-0.16711609877345657,-0.33631158657954074,0.5208333333333334,-0.5208333333333334,0.5208333333333334
1.93,0.44223665772811516,-0.680304565805333,0.19150982924251675,0.0,0.0,0.0,-0.07589805729779162,-0.16216985077942628,-0.32662488578339005,0.5181347150259068,-0.5181347150259068,0.5181347150259068
1.94,0.441838854139944,-0.6728527770915561,0.19821871958195403,0.0,0.0,0.0,-0.07362506338582923,-0.15738885956578286,-0.3172451979438192,0.5154639175257733,-0.5154639175257733,0.5154639175257733
1.95,0.4413905338616315,-0.6655876512864156,0.20465796586371598,0.0,0.0,0.0,-0.07142997895888137,-0.1527671384659027,-0.3081625469567969,0.5128205128205129,-0.5128205128205129,0.5128205128205129
1.96,0.44089424706567504,-0.6585030048993905,0.21083684297426442,0.0,0.0,0.0,-0.06930983456697805,-0.1482989232667374,-0.29936723865838866,0.5102040816326531,-0.5102040816326531,0.5102040816326531
1.97,0.44035243022317316,-0.6515928778731348,0.2167643539236801,0.0,0.0,0.0,-0.06726178297479635,-0.14397866467516532,-0.2908498592742894,0.5076142131979695,-0.5076142131979695,0.5076142131979695
1.98,0.43976741112142176,-0.6448515259646684,0.2224492320823213,0.0,0.0,0.0,-0.06528309392908331,-0.13980102091416335,-0.28260127296818377,0.5050505050505051,-0.5050505050505051,0.5050505050505051
1.99,0.43914141366964154,-0.6382734132786332,0.22789994418973303,0.0,0.0,0.0,-0.06337114914442878,-0.13576085046456293,-0.2746126186243373,0.5025125628140703,-0.5025125628140703,0.5025125628140703
2.0,0.4384765625,-0.6318532049650898,0.23312469401600006,0.0,0.0,0.0,-0.0615234375,-0.13185320496508973,-0.26687530598399994,0.5,-0.5,0.5
2.0100000000000002,0.43777488737110914,-0.6255857600916686,0.23813142656984448,0.0,0.0,0.0,-0.05973755043983606,-0.12807332228072327,-0.25938101124110075,0.49751243781094523,-0.49751243781094523,0.49751243781094523
2.02,0.4370383273811551,-0.6194661246975924,0.2429278327602979,0.0,0.0,0.0,-0.05801117756933992,-0.1244166197470974,-0.25212167219019715,0.49504950495049505,-0.49504950495049505,0.49504950495049505
2.0300000000000002,0.4362687349977514,-0.6134895250350839,0.24752135442994777,0.0,0.0,0.0,-0.056342102440672205,-0.12087868759666029,-0.24508948300847583,0.4926108374384236,-0.4926108374384236,0.4926108374384236
2.04,0.4354678799115145,-0.6076513610019577,0.2519191896876748,0.0,0.0,0.0,-0.05472819851985803,-0.11745528257058517,-0.23827688874369773,0.49019607843137253,-0.49019607843137253,0.49019607843137253
2.05,0.43463745272023857,-0.6019471997677059,0.25612829847763346,0.0,0.0,0.0,-0.05316742532854199,-0.11414232171892547,-0.23167657957114707,0.48780487804878053,-0.48780487804878053,0.48780487804878053
2.06,0.43377906845040604,-0.5963727695941199,0.26015540832906725,0.0,0.0,0.0,-0.05165782475347745,-0.11093587639023642,-0.22528148487481622,0.4854368932038835,-0.4854368932038835,0.4854368932038835
2.07,0.4328942699226145,-0.5909239538504018,0.26400702023853206,0.0,0.0,0.0,-0.05019751751699907,-0.10783216641078816,-0.2190847672010815,0.48309178743961356,-0.48309178743961356,0.48309178743961356
2.08,0.43198453096732714,-0.5855967852217909,0.26768941464229834,0.0,0.0,0.0,-0.04878469980190356,-0.10482755445256024,-0.2130798161269324,0.4807692307692307,-0.4807692307692307,0.4807692307692307
2.09,0.4310512594971787,-0.5803874401099647,0.2712086574421982,0.0,0.0,0.0,-0.04741764002435245,-0.10191854058843347,-0.20726024207933297,0.47846889952153115,-0.47846889952153115,0.47846889952153115
2.1,0.43009580044187595,-0.5752922332227903,0.2745706060530818,0.0,0.0,0.0,-0.04609467574860019,-0.09910175703231414,-0.20161987013739435,0.47619047619047616,-0.47619047619047616,0.47619047619047616
2.11,0.42911943855154616,-0.5703076123504921,0.2777809154443687,0.0,0.0,0.0,-0.04481421073755336,-0.09637396306139258,-0.1961527338447308,0.47393364928909953,-0.47393364928909953,0.47393364928909953
2.12,0.4281234010741855,-0.5654301533248136,0.2808450441520313,0.0,0.0,0.0,-0.043574712133361594,-0.09373204011726645,-0.1908530690555158,0.4716981132075471,-0.4716981132075471,0.4716981132075471
2.13,0.427108860312669,-0.5606565551574157,0.2837682602407449,0.0,0.0,0.0,-0.042374707762448394,-0.09117298708229842,-0.18571530783437246,0.4694835680751174,-0.4694835680751174,0.4694835680751174
2.14,0.4260769360665822,-0.5559836353534389,0.286555647198957,0.0,0.0,0.0,-0.041212783559586005,-0.08869391572727062,-0.18073407242721126,0.4672897196261682,-0.4672897196261682,0.4672897196261682
2.15,0.4250286979639446,-0.5514083253959368,0.2892121097522875,0.0,0.0,0.0,-0.04008758110582284,-0.08629204632616935,-0.17590416931747996,0.46511627906976744,-0.46511627906976744,0.46511627906976744
2.16,0.4239651676876966,-0.5469276663967124,0.29174237958303323,0.0,0.0,0.0,-0.03899779527526629,-0.08396470343374948,-0.17122058337992968,0.4629629629629629,-0.4629629629629629,0.4629629629629629
2.17,0.42288732110163724,-0.5425388049089545,0.29415102094561585,0.0,0.0,0.0,-0.03794217198592037,-0.08170931182139687,-0.16667847214194176,0.4608294930875576,-0.4608294930875576,0.4608294930875576
2.18,0.4217960902803083,-0.5382389888969937,0.29644243616965704,0.0,0.0,0.0,-0.03691950604996692,-0.07952339256671853,-0.16227316016061816,0.4587155963302752,-0.4587155963302752,0.4587155963302752
2.19,0.4206923654471428,-0.5340255638584426,0.2986208710439593,0.0,0.0,0.0,-0.035928639119067296,-0.07740455929223253,-0.15800013352225076,0.4566210045662101,-0.4566210045662101,0.4566210045662101
2.2,0.4195769968250137,-0.5298959690939605,0.3006904200761032,0.0,0.0,0.0,-0.03496845772044081,-0.07535051454850596,-0.15385503446935134,0.45454545454545453,-0.45454545454545453,0.45454545454545453
2.21,0.41845079640314947,-0.5258477341199,0.3026550316235952,0.0,0.0,0.0,-0.03403789137965597,-0.07335904633709464,-0.14983365615921027,0.45248868778280543,-0.45248868778280543,0.45248868778280543
2.22,0.4173145396242112,-0.5218784752191054,0.30451851289359877,0.0,0.0,0.0,-0.033135910826239186,-0.07142802476865491,-0.14593193755685163,0.4504504504504504,-0.4504504504504504,0.4504504504504504
2.23,0.41616896699516787,-0.5179858921251926,0.3062845348092225,0.0,0.0,0.0,-0.03226152627837477,-0.06955539885165002,-0.1421459584643201,0.4484304932735426,-0.4484304932735426,0.4484304932735426
2.24,0.41501478562544336,-0.514167764835695,0.307956636741165,0.0,0.0,0.0,-0.031413785803128064,-0.06773919340712367,-0.13847193468740637,0.4464285714285714,-0.4464285714285714,0.4464285714285714
2.25,0.4138526706956629,-0.5104219505495369,0.30953823110423156,0.0,0.0,0.0,-0.03059177374878155,-0.06597750610509251,-0.13490621334021285,0.4444444444444444,-0.4444444444444444,0.4444444444444444
2.2600000000000002,0.41268326686017376,-0.5067463807243806,0.31103260781885844,0.0,0.0,0.0,-0.029794609246020908,-0.0642685046181859,-0.13144526828733621,0.44247787610619466,-0.44247787610619466,0.44247787610619466
2.27,0.41150718958637916,-0.5031390582494923,0.31244293863830946,0.0,0.0,0.0,-0.029021444774854303,-0.06261042388825885,-0.128085695722924,0.44052863436123346,-0.44052863436123346,0.44052863436123346
2.2800000000000002,0.41032502643378455,-0.4995980547298669,0.3137722813426709,0.0,0.0,0.0,-0.028271464794285585,-0.061001563501796745,-0.12482420988539925,0.43859649122807015,-0.43859649122807015,0.43859649122807015
2.29,0.4091373382755274,-0.49612150787746423,0.3150235838011534,0.0,0.0,0.0,-0.027543884431896214,-0.059440285170040644,-0.12165763890627017,0.4366812227074236,-0.4366812227074236,0.4366812227074236
2.3000000000000003,0.407944660465034,-0.4927076190055172,0.31619968790454545,0.0,0.0,0.0,-0.026837948230618077,-0.0579250103098651,-0.11858292079110665,0.4347826086956521,-0.4347826086956521,0.4347826086956521
2.31,0.4067475039503296,-0.4893546506219893,0.3173033333699326,0.0,0.0,0.0,-0.026152928950103276,-0.05645421772155638,-0.11559709953050029,0.4329004329004329,-0.4329004329004329,0.4329004329004329
2.32,0.4055463563384077,-0.4860609241183695,0.31833716142003154,0.0,0.0,0.0,-0.025488126420213038,-0.05502644135974876,-0.11269732133858919,0.4310344827586207,-0.4310344827586207,0.4310344827586207
2.33,0.40434168291196015,-0.4828248175501183,0.31930371833967075,0.0,0.0,0.0,-0.024842866444263027,-0.05364026819389512,-0.10988083101655244,0.4291845493562232,-0.4291845493562232,0.4291845493562232
2.34,0.403133927600659,-0.47964476350518714,0.32020545891210533,0.0,0.0,0.0,-0.02421649974976836,-0.052294336154759785,-0.10714496843832205,0.4273504273504274,-0.4273504273504274,0.4273504273504274
2.35,0.40192351390908104,-0.476519247057156,0.3210447497379727,0.0,0.0,0.0,-0.023608400984536003,-0.05098733216353898,-0.10448716515564435,0.425531914893617,-0.425531914893617,0.425531914893617
2.36,0.40071084580327065,-0.47344680379965,0.3218238724397839,0.0,0.0,0.0,-0.023017967756051434,-0.049717990240327914,-0.10190494111953818,0.42372881355932207,-0.42372881355932207,0.42372881355932207
2.37,0.3994963085578422,-0.4704260179588085,0.32254502675491914,0.0,0.0,0.0,-0.022444619712199975,-0.048485089688766345,-0.09939590151512304,0.42194092827004215,-0.42194092827004215,0.42194092827004215
2.38,0.3982802695654357,-0.46745552058069784,0.32321033352013506,0.0,0.0,0.0,-0.021887797661455058,-0.047287453353807074,-0.0969577337067557,0.42016806722689076,-0.42016806722689076,0.42016806722689076
2.39,0.397063079110254,-0.46453398779066424,0.3238218375506231,0.0,0.0,0.0,-0.021346962730750173,-0.0461239459496601,-0.09458820429038109,0.41841004184100417,-0.41841004184100417,0.41841004184100417
2.4,0.3958450711073308,-0.46166013912174203,0.3243815104166667,0.0,0.0,0.0,-0.02082159555933591,-0.04499347245507533,-0.09228515625,0.4166666666666667,-0.4166666666666667,0.4166666666666667
2.41,0.3946265638090995,-0.4588327359093283,0.3248912531209436,0.0,0.0,0.0,-0.020311195527000035,-0.04389497657322877,-0.090046506215156,0.41493775933609955,-0.41493775933609955,0.41493775933609955
2.42,0.39340786048076226,-0.4560505797494513,0.32535289867950246,0.0,0.0,0.0,-0.01981528001510554,-0.04282743925358353,-0.08787024181636534,0.4132231404958678,-0.4132231404958678,0.4132231404958678
2.43,0.3921892500458842,-0.45331251101805,0.3257682146094195,0.0,0.0,0.0,-0.01933338369897173,-0.04178987727319404,-0.0857544191354364,0.4115226337448559,-0.4115226337448559,0.4115226337448559
2.44,0.39097100770357707,-0.4506174074487929,0.3261389053261041,0.0,0.0,0.0,-0.018865057870193422,-0.040781341875022394,-0.08369716024766638,0.4098360655737705,-0.4098360655737705,0.4098360655737705
2.45,0.3897533955185657,-0.4479641827670496,0.3264666144531821,0.0,0.0,0.0,-0.01840986978755669,-0.03980091746092717,-0.08169665085294033,0.4081632653061224,-0.4081632653061224,0.4081632653061224
2.46,0.3885366629853765,-0.445351785377731,0.3267529270478375,0.0,0.0,0.0,-0.01796740205527392,-0.0388477203370806,-0.07975113799281291,0.4065040650406504,-0.4065040650406504,0.4065040650406504
2.47,0.38732104756782365,-0.4427791971047968,0.3269993717444383,0.0,0.0,0.0,-0.017537252027318036,-0.03792089750965509,-0.07785892785070335,0.4048582995951417,-0.4048582995951417,0.4048582995951417
2.48,0.38610677521491854,-0.4402454319803231,0.32720742281921567,0.0,0.0,0.0,-0.017119031236694372,-0.037019625528710194,-0.07601838363239728,0.40322580645161293,-0.40322580645161293,0.40322580645161293
2.49,0.3848940608542703,-0.4377495350811016,0.32737850217870423,0.0,0.0,0.0,-0.016712364848540873,-0.036143109378290385,-0.07422792352410695,0.4016064257028112,-0.4016064257028112,0.4016064257028112
2.5,0.38368310886400003,-0.4352905814108284,0.32751398127458853,0.0,0.0,0.0,-0.016316891136000006,-0.035290581410828345,-0.07248601872541147,0.4,-0.4,0.4
2.5100000000000002,0.3824741135241387,-0.43286767482601424,0.3276151829475312,0.0,0.0,0.0,-0.015932260977853333,-0.03446130032402221,-0.07079119155446076,0.398406374501992,-0.398406374501992,0.398406374501992
2.52,0.38126725944843864,-0.4304799470038305,0.3276833832024965,0.0,0.0,0.0,-0.015558137376958143,-0.03365455017843369,-0.06914201362290029,0.3968253968253968,-0.3968253968253968,0.3968253968253968
2.5300000000000002,0.3800627219974795,-0.42812655645016984,0.32771981291800856,0.0,0.0,0.0,-0.015194194998567912,-0.03286963945412248,-0.06753710407803878,0.39525691699604737,-0.39525691699604737,0.39525691699604737
2.54,0.3788606676739122,-0.4258066875462802,0.32772565949171917,0.0,0.0,0.0,-0.014840119727662566,-0.03210590014470544,-0.06597512790985563,0.39370078740157477,-0.39370078740157477,0.39370078740157477
2.5500000000000003,0.37766125450064447,-0.42351954963238997,0.3277020684245874,0.0,0.0,0.0,-0.01449560824445352,-0.031362686887292004,-0.0644547943205106,0.392156862745098,-0.392156862745098,0.392156862745098
2.56,0.37646463238273215,-0.42126437612681517,0.32765014484590604,0.0,0.0,0.0,-0.014160367617267858,-0.030639376126815148,-0.06297485515409396,0.390625,-0.390625,0.390625
2.57,0.37527094345370693,-0.41904042367909466,0.32757095498133976,0.0,0.0,0.0,-0.013834114912051809,-0.029935365313335894,-0.06153410338441902,0.38910505836575876,-0.38910505836575876,0.38910505836575876
2.58,0.37408032240703676,-0.4168469713557671,0.3274655275660719,0.0,0.0,0.0,-0.013516576817769386,-0.02925007213096092,-0.060131371658734264,0.38759689922480617,-0.38759689922480617,0.38759689922480617
2.59,0.3728928968133815,-0.41468331985745466,0.32733485520509,0.0,0.0,0.0,-0.01320748928700461,-0.02858293375706854,-0.05876553089529611,0.3861003861003861,-0.3861003861003861,0.3861003861003861
2.6,0.37170878742427693,-0.41254879076597784,0.3271798956825713,0.0,0.0,0.0,-0.012906597191107634,-0.027933406150593268,-0.05743548893281329,0.3846153846153846,-0.3846153846153846,0.3846153846153846
2.61,0.37052810846285167,-0.4104427258202795,0.32700157322226747,0.0,0.0,0.0,-0.012613653989255614,-0.02730096336817222,-0.05614018922983982,0.3831417624521073,-0.3831417624521073,0.3831417624521073
2.62,0.36935096790215,-0.408364486219983,0.3268007797007198,0.0,0.0,0.0,-0.01232842141082707,-0.02668509690700594,-0.05487860961225728,0.38167938931297707,-0.38167938931297707,0.38167938931297707
2.63,0.3681774677316124,-0.40631345195546537,0.3265783758150762,0.0,0.0,0.0,-0.012050669150516918,-0.026085315073336068,-0.053649761067053096,0.3802281368821293,-0.3802281368821293,0.3802281368821293
2.64,0.3670077042122345,-0.40428902116336535,0.3263351922072176,0.0,0.0,0.0,-0.011780174575644278,-0.02550114237548654,-0.05245268658066122,0.3787878787878788,-0.3787878787878788,0.3787878787878788
2.65,0.3658417681209066,-0.4022906095064996,0.3260720305458428,0.0,0.0,0.0,-0.01151672244513121,-0.024932118940461816,-0.05128646002019499,0.37735849056603776,-0.37735849056603776,0.37735849056603776
2.66,0.3646797449844071,-0.4003176495771958,0.3257896645681015,0.0,0.0,0.0,-0.011260104639653021,-0.02437779995313567,-0.05015018505595863,0.37593984962406013,-0.37593984962406013,0.37593984962406013
2.67,0.3635217153035081,-0.39836959032309993,0.32548884108230836,0.0,0.0,0.0,-0.011010119902484438,-0.02383775511710742,-0.04904299412368417,0.37453183520599254,-0.37453183520599254,0.37453183520599254
2.68,0.3623677547676225,-0.396445896494548,0.3251702809332149,0.0,0.0,0.0,-0.010766573590586432,-0.02331156813633908,-0.04796404742499405,0.3731343283582089,-0.3731343283582089,0.3731343283582089
2.69,0.36121793446041084,-0.3945460481126373,0.3248346799312642,0.0,0.0,0.0,-0.010529277435499952,-0.022798836216726535,-0.04691253196464662,0.3717472118959108,-0.3717472118959108,0.3717472118959108
2.7,0.3600723210567391,-0.3926695399571622,0.324482709747198,0.0,0.0,0.0,-0.010298049313631282,-0.02229916958679186,-0.04588766062317232,0.37037037037037035,-0.37037037037037035,0.37037037037037035
2.71,0.3589309770113669,-0.39081588107362014,0.3241150187733384,0.0,0.0,0.0,-0.010072713025533487,-0.02181219103671975,-0.04488867126356193,0.36900369003690037,-0.36900369003690037,0.36900369003690037
2.72,0.3577939607397244,-0.388984594298522,0.32373223295281395,0.0,0.0,0.0,-0.009853098083804962,-0.021337535474992644,-0.043914825870715414,0.3676470588235294,-0.3676470588235294,0.3676470588235294
2.73,0.35666132679112217,-0.3871752158022779,0.32333495657795563,0.0,0.0,0.0,-0.009639039509244083,-0.0208748495019116,-0.04296540972241067,0.3663003663003663,-0.3663003663003663,0.3663003663003663
2.74,0.3555331260147208,-0.3853872946489543,0.3229237730590399,0.0,0.0,0.0,-0.009430377634914205,-0.020423790999319274,-0.04203973059059512,0.36496350364963503,-0.36496350364963503,0.36496350364963503
2.75,0.3544094057185745,-0.38362039237223455,0.32249924566451244,0.0,0.0,0.0,-0.009226957917789158,-0.019984028735870886,-0.04113711797185121,0.36363636363636365,-0.36363636363636365,0.36363636363636365
2.7600000000000002,0.3532902098220463,-0.3818740825669362,0.322061918233783,0.0,0.0,0.0,-0.009028630757663792,-0.01955524198722614,-0.040256922345927114,0.3623188405797101,-0.3623188405797101,0.3623188405797101
2.77,0.3521755790018816,-0.3801479504954716,0.321612315863641,0.0,0.0,0.0,-0.008835251323028141,-0.01913712017056187,-0.03939851446126881,0.36101083032490977,-0.36101083032490977,0.36101083032490977
2.7800000000000002,0.3510655508322104,-0.3784415927086573,0.3211509455692998,0.0,0.0,0.0,-0.008646679383616901,-0.01872936249282995,-0.03856128464652754,0.3597122302158273,-0.3597122302158273,0.3597122302158273
2.79,0.3499601599187412,-0.3767546166803104,0.32067829692104155,0.0,0.0,0.0,-0.008462779149359164,-0.01833167761221007,-0.03774464214705879,0.35842293906810035,-0.35842293906810035,0.35842293906810035
2.8000000000000003,0.34885943802739255,-0.375086640455086,0.3201948426573943,0.0,0.0,0.0,-0.00828341911546456,-0.017943783312228914,-0.03694801448546284,0.3571428571428571,-0.3571428571428571,0.3571428571428571
2.81,0.347763414207602,-0.3734372923090372,0.3197010392757391,0.0,0.0,0.0,-0.00810847191339446,-0.01756540618804073,-0.03617084684525737,0.35587188612099646,-0.35587188612099646,0.35587188612099646
2.82,0.3466721149105371,-0.37180621042239864,0.3191973276012102,0.0,0.0,0.0,-0.007937814167477072,-0.017196281344384428,-0.035412601476804,0.3546099290780142,-0.3546099290780142,0.3546099290780142
2.83,0.3455855641024275,-0.37019304256411717,0.31868413333471696,0.0,0.0,0.0,-0.007771326356936464,-0.0168361521047532,-0.03467275712464702,0.35335689045936397,-0.35335689045936397,0.35335689045936397
2.84,0.34450378337322307,-0.3685974457876701,0.3181618675808844,0.0,0.0,0.0,-0.007608892683114982,-0.016484769731332054,-0.033950808475453675,0.35211267605633806,-0.35211267605633806,0.35211267605633806
2.85,0.34342679204077764,-0.3670190861377329,0.31763092735667947,0.0,0.0,0.0,-0.00745040094167847,-0.016141893155276775,-0.03324626562577667,0.3508771929824561,-0.3508771929824561,0.3508771929824561
2.86,0.34235460725074696,-0.36545763836727585,0.31709169608145893,0.0,0.0,0.0,-0.007295742399602756,-0.015807288716926177,-0.032558653568890775,0.3496503496503497,-0.3496503496503497,0.3496503496503497
2.87,0.3412872440723806,-0.36391278566468505,0.31654454404914606,0.0,0.0,0.0,-0.007144811676748298,-0.015480729915556135,-0.031887511699982815,0.3484320557491289,-0.3484320557491289,0.3484320557491289
2.88,0.3402247155903835,-0.3623842193905225,0.31598982888321836,0.0,0.0,0.0,-0.006997506631838758,-0.015161997168300296,-0.031232393339003864,0.3472222222222222,-0.3472222222222222,0.3472222222222222
2.89,0.33916703299300827,-0.36087163882355255,0.31542789597515725,0.0,0.0,0.0,-0.006853728252666449,-0.014850877577877859,-0.030592865270517453,0.3460207612456747,-0.3460207612456747,0.3460207612456747
2.9,0.33811420565654066,-0.35937475091568044,0.3148590789069909,0.0,0.0,0.0,-0.0067133805503559445,-0.014547164708783892,-0.029968507299905685,0.3448275862068966,-0.3448275862068966,0.3448275862068966
2.91,0.3370662412263251,-0.35789327005546034,0.31428369985853144,0.0,0.0,0.0,-0.006576370457523711,-0.014250658371611548,-0.029358911825317385,0.3436426116838488,-0.3436426116838488,0.3436426116838488
2.92,0.3360231456944785,-0.3564269178398473,0.3137020699998889,0.0,0.0,0.0,-0.006442607730179042,-0.013961164415189771,-0.028763683424768594,0.3424657534246575,-0.3424657534246575,0.3424657534246575
2.93,0.3349849234744273,-0.35497542285387734,0.313114489869818,0.0,0.0,0.0,-0.006312004853217719,-0.013678494526232312,-0.028182438457827034,0.341296928327645,-0.341296928327645,0.341296928327645
2.94,0.33395157747240223,-0.3535385204579761,0.31252124974043366,0.0,0.0,0.0,-0.006184476949366483,-0.013402466036207423,-0.027614804681335058,0.3401360544217687,-0.3401360544217687,0.3401360544217687
2.95,0.3329231091560155,-0.35211595258260603,0.31192262996881115,0.0,0.0,0.0,-0.006059941691442159,-0.013132901735148438,-0.027060420878646466,0.3389830508474576,-0.3389830508474576,0.3389830508474576
2.96,0.3318995186200427,-0.35070746752997567,0.31131890133596474,0.0,0.0,0.0,-0.005938319217795167,-0.012869629692137818,-0.026518936501873078,0.33783783783783783,-0.33783783783783783,0.33783783783783783
2.97,0.33088080464952413,-0.34931281978254425,0.31071032537368043,0.0,0.0,0.0,-0.005819532050812523,-0.012612483082207585,-0.025990011326656258,0.33670033670033667,-0.33670033670033667,0.33670033670033667
2.98,0.3298669647802969,-0.3479317698180678,0.3100971546796599,0.0,0.0,0.0,-0.005703505018360785,-0.012361300019410031,-0.025473315118997815,0.33557046979865773,-0.33557046979865773,0.33557046979865773
2.99,0.3288579953570628,-0.34656408393093907,0.30947963322141486,0.0,0.0,0.0,-0.005590165178054259,-0.012115923395822025,-0.02496852731370219,0.33444816053511706,-0.33444816053511706,0.33444816053511706
3.0,0.32785389158909456,-0.34520953405959,0.30885799662933333,0.0,0.0,0.0,-0.0054794417442387755,-0.011876200726256676,-0.02447533670399999,0.3333333333333333,-0.3333333333333333,0.3333333333333333
3.0100000000000002,0.3268546476036768,-0.3438678976197268,0.3082324724793239,0.0,0.0,0.0,-0.005371266017585665,-0.011641983998464365,-0.023993441141938514,0.3322259136212624,-0.3322259136212624,0.3322259136212624
3.02,0.32586025649737443,-0.34253895734318446,0.30760328056542746,0.0,0.0,0.0,-0.005265571317195141,-0.01141312952861492,-0.023522547249142125,0.33112582781456956,-0.33112582781456956,0.33112582781456956
3.0300000000000002,0.3248707103852177,-0.34122250112219027,0.3069706331627705,0.0,0.0,0.0,-0.00516229291511232,-0.011189497821860232,-0.023062370137559535,0.33003300330033003,-0.33003300330033003,0.33003300330033003
3.04,0.32388600044788934,-0.3399183218588382,0.3063347352812216,0.0,0.0,0.0,-0.005061367973163305,-0.010970953437785529,-0.022612633139831015,0.32894736842105265,-0.32894736842105265,0.32894736842105265
3.0500000000000003,0.3229061169769941,-0.3386262173195809,0.3056957849100949,0.0,0.0,0.0,-0.00496273548202225,-0.010757364860564554,-0.02217306754892147,0.32786885245901637,-0.32786885245901637,0.32786885245901637
3.06,0.32193104941849066,-0.33734598999455684,0.3050539732542347,0.0,0.0,0.0,-0.0048663362024243696,-0.010548604373641803,-0.021743412366680297,0.32679738562091504,-0.32679738562091504,0.32679738562091504
3.0700000000000003,0.3209607864143583,-0.3360774469615731,0.3044094849618008,0.0,0.0,0.0,-0.004772112608442969,-0.0103445479387718,-0.021323414061000488,0.3257328990228013,-0.3257328990228013,0.3257328990228013
3.08,0.3199953158425724,-0.33482039975457695,0.3037624983440608,0.0,0.0,0.0,-0.004680008832752247,-0.01014507507925228,-0.02091282633126383,0.3246753246753247,-0.3246753246753247,0.3246753246753247
3.09,0.3190346248554552,-0.3335746642364503,0.3031131855874865,0.0,0.0,0.0,-0.004589970613800527,-0.009950068767194616,-0.020511409881769176,0.3236245954692557,-0.3236245954692557,0.3236245954692557
3.1,0.3180786999164685,-0.3323400604759714,0.3024617129584363,0.0,0.0,0.0,-0.004501945244821846,-0.00975941531468113,-0.020118932202854007,0.3225806451612903,-0.3225806451612903,0.3225806451612903
3.11,0.317127526835512,-0.3311164126287935,0.301808241000699,0.0,0.0,0.0,-0.004415881524616659,-0.009573004268664882,-0.019735167359429637,0.3215434083601286,-0.3215434083601286,0.3215434083601286
3.12,0.31618109080278534,-0.3299035488222936,0.301152924726159,0.0,0.0,0.0,-0.004331729710035139,-0.009390728309473106,-0.01935989578666145,0.3205128205128205,-0.3205128205128205,0.3205128205128205
3.13,0.3152393764212743,-0.328701301044155,0.300495913798838,0.0,0.0,0.0,-0.004249441470099466,-0.009212483152781222,-0.018992904092535817,0.3194888178913738,-0.3194888178913738,0.3194888178913738
3.14,0.3143023677379141,-0.32750950503454723,0.29983735271255274,0.0,0.0,0.0,-0.004168969841703747,-0.009038167454929403,-0.0186339848670651,0.3184713375796178,-0.3184713375796178,0.3184713375796178
3.15,0.31337004827348447,-0.32632800018177616,0.2991773809624256,0.0,0.0,0.0,-0.00409026918683296,-0.008867682721458705,-0.018282936497891873,0.31746031746031744,-0.31746031746031744,0.31746031746031744
3.16,0.3124424010512872,-0.32515662942128043,0.2985161332104695,0.0,0.0,0.0,-0.004013295151244434,-0.0087009332187488,-0.017939562992062143,0.3164556962025316,-0.3164556962025316,0.3164556962025316
3.17,0.31151940862465355,-0.32399523913785505,0.2978537394454647,0.0,0.0,0.0,-0.003938004624557774,-0.008537825888643711,-0.017603673803746587,0.31545741324921134,-0.31545741324921134,0.31545741324921134
3.18,0.31060105310333025,-0.322843679070988,0.2971903251373346,0.0,0.0,0.0,-0.003864355701701202,-0.008378270265956535,-0.0172750836676968,0.31446540880503143,-0.31446540880503143,0.31446540880503143
3.19,0.30968731617878703,-0.32170180222319994,0.29652601138621953,0.0,0.0,0.0,-0.0037923076456644147,-0.008222178398748486,-0.016953612438231926,0.31347962382445144,-0.31347962382445144,0.31347962382445144
3.2,0.30877817914849004,-0.32056946477128134,0.2958609150664415,0.0,0.0,0.0,-0.0037218208515099604,-0.008069464771281338,-0.016639084933558465,0.3125,-0.3125,0.3125
3.21,0.3078736229391817,-0.31944652598032547,0.2951951489655448,0.0,0.0,0.0,-0.0036528568115971236,-0.007920046229546679,-0.016331330785234018,0.3115264797507788,-0.3115264797507788,0.3115264797507788
3.22,0.3069736281292061,-0.31833284812045887,0.2945288219185882,0.0,0.0,0.0,-0.003585378081973994,-0.007773841909278743,-0.016030184292591912,0.3105590062111801,-0.3105590062111801,0.3105590062111801
3.23,0.306078174969919,-0.3172282963861758,0.29386203893786245,0.0,0.0,0.0,-0.00351934824989526,-0.007630773166361541,-0.015735484281951845,0.30959752321981426,-0.30959752321981426,0.30959752321981426
3.24,0.3051872434062171,-0.31613273881818604,0.29319490133819504,0.0,0.0,0.0,-0.0034547319024248206,-0.007490763509544094,-0.015447073970446923,0.30864197530864196,-0.30864197530864196,0.30864197530864196
3.25,0.3043008130962237,-0.31504604622768895,0.2925275068580028,0.0,0.0,0.0,-0.003391494596084029,-0.007353738535381216,-0.015164800834304947,0.3076923076923077,-0.3076923076923077,0.3076923076923077
3.2600000000000002,0.303418863430161,-0.31396809212298893,0.2918599497762418,0.0,0.0,0.0,-0.0033296028275077126,-0.007219625865320206,-0.014888516481426892,0.3067484662576687,-0.3067484662576687,0.3067484662576687
3.27,0.30254137354844496,-0.31289875263837386,0.2911923210254046,0.0,0.0,0.0,-0.0032690240050718303,-0.007088355084857037,-0.014618076528112214,0.3058103975535168,-0.3058103975535168,0.3058103975535168
3.2800000000000002,0.30166832235903,-0.31183790646517623,0.29052470830070204,0.0,0.0,0.0,-0.0032097264214578022,-0.006959857684688417,-0.014353340479785773,0.3048780487804878,-0.3048780487804878,0.3048780487804878
3.29,0.300799688554035,-0.31078543478494397,0.28985719616556843,0.0,0.0,0.0,-0.0031516792271200247,-0.006834067003788962,-0.014094171615586563,0.303951367781155,-0.303951367781155,0.303951367781155
3.3000000000000003,0.2999354506256786,-0.3097412212046484,0.28918986615361925,0.0,0.0,0.0,-0.0030948524046243552,-0.006710918174345423,-0.013840436876683723,0.303030303030303,-0.303030303030303,0.303030303030303
3.31,0.29907558688155106,-0.3087051516938601,0.288522796867187,0.0,0.0,0.0,-0.0030392167438265463,-0.006590348068482478,-0.013592006758190594,0.3021148036253776,-0.3021148036253776,0.3021148036253776
3.3200000000000003,0.2982200754592476,-0.30767711452382535,0.28785606407255687,0.0,0.0,0.0,-0.002984743817860804,-0.006472295246716921,-0.013348755204551518,0.3012048192771084,-0.3012048192771084,0.3012048192771084
3.33,0.29736889434039043,-0.30665700020838016,0.2871897407920185,0.0,0.0,0.0,-0.0029314059599098714,-0.0063566999080798435,-0.01311055950828183,0.3003003003003003,-0.3003003003003003,0.3003003003003003
3.34,0.29652202136406147,-0.30564470144663863,0.2865238973928456,0.0,0.0,0.0,-0.0028791762407289543,-0.006243503841848211,-0.012877300211944805,0.29940119760479045,-0.29940119760479045,0.29940119760479045
3.35,0.2956794342396701,-0.30464011306739686,0.2858586016733127,0.0,0.0,0.0,-0.0028280284468970495,-0.006132650380829741,-0.012648861013254492,0.29850746268656714,-0.29850746268656714,0.29850746268656714
3.36,0.29484111055927753,-0.3036431319751947,0.2851939189458508,0.0,0.0,0.0,-0.0027779370597701084,-0.006024084356147098,-0.01242512867319685,0.2976190476190476,-0.2976190476190476,0.2976190476190476
3.37,0.2940070278093989,-0.3026536570979795,0.28452991211744466,0.0,0.0,0.0,-0.00272887723511143,-0.005917752053469108,-0.012205992927065711,0.29673590504451036,-0.29673590504451036,0.29673590504451036
3.38,0.2931771633823047,-0.30167158933631966,0.28386664176736637,0.0,0.0,0.0,-0.0026808247833757515,-0.005813601170639192,-0.011991346398314123,0.2958579881656805,-0.2958579881656805,0.2958579881656805
3.39,0.29235149458683896,-0.3006968315141155,0.2832041662223384,0.0,0.0,0.0,-0.00263375615062416,-0.0057115807766524125,-0.011781084515124742,0.2949852507374631,-0.2949852507374631,0.2949852507374631
3.4,0.2915299986587755,-0.2997292883307585,0.2825425416292165,0.0,0.0,0.0,-0.002587648400048039,-0.005611641271934996,-0.011575105429607033,0.29411764705882354,-0.29411764705882354,0.29411764705882354
3.41,0.29071265277072844,-0.29876886631469063,0.2818818220252775,0.0,0.0,0.0,-0.002542479194080878,-0.005513734349881307,-0.011373309939531845,0.29325513196480935,-0.29325513196480935,0.29325513196480935
3.42,0.2898994340416357,-0.2978154737783188,0.2812220594061957,0.0,0.0,0.0,-0.0024982267770777243,-0.00541781295960537,-0.011175601412517704,0.29239766081871343,-0.29239766081871343,0.29239766081871343
3.43,0.2890903195458305,-0.2968690207742384,0.2805633037917875,0.0,0.0,0.0,-0.002454869958542664,-0.005323831269865254,-0.010981885712585602,0.29154518950437314,-0.29154518950437314,0.29154518950437314
3.44,0.28828528632171907,-0.2959294190527252,0.27990560328960185,0.0,0.0,0.0,-0.0024123880968855986,-0.005231744634120531,-0.010792071129002838,0.29069767441860467,-0.29069767441860467,0.29069767441860467
3.45,0.287484311380078,-0.29499658202045215,0.2792490041564295,0.0,0.0,0.0,-0.0023707610836901025,-0.005141509556684044,-0.010606068307338649,0.2898550724637681,-0.2898550724637681,0.2898550724637681
3.46,0.28668737171198744,-0.2940704247003935,0.27859355085780485,0.0,0.0,0.0,-0.002329969328475006,-0.005053083659931056,-0.01042379018265761,0.28901734104046245,-0.28901734104046245,0.28901734104046245
3.47,0.28589444429641303,-0.29315086369287574,0.27793928612556673,0.0,0.0,0.0,-0.002289993743932804,-0.004966425652529924,-0.01024515191477908,0.2881844380403458,-0.2881844380403458,0.2881844380403458
3.48,0.28510550610745167,-0.2922378171377403,0.27728625101354654,0.0,0.0,0.0,-0.0022508157316287565,-0.00488149529865981,-0.010070070825533906,0.28735632183908044,-0.28735632183908044,0.28735632183908044
3.49,0.2843205341212532,-0.29133120467758056,0.2766344849514466,0.0,0.0,0.0,-0.00221241716814505,-0.004798253388182273,-0.009898466337951663,0.28653295128939826,-0.28653295128939826,0.28653295128939826
3.5,0.2835395053226307,-0.29043094742202036,0.27598402579697123,0.0,0.0,0.0,-0.0021747803916549904,-0.00471666170773468,-0.00973025991731444,0.2857142857142857,-0.2857142857142857,0.2857142857142857
3.5100000000000002,0.28276239671137215,-0.28953696791299943,0.27533490988626974,0.0,0.0,0.0,-0.0021378881889127523,-0.004636683012714531,-0.009565375014015191,0.2849002849002849,-0.2849002849002849,0.2849002849002849
3.52,0.2819891853082644,-0.28864919009103424,0.27468717208274807,0.0,0.0,0.0,-0.0021017237826447036,-0.0045582810001251,-0.009403737008161073,0.2840909090909091,-0.2840909090909091,0.2840909090909091
3.5300000000000002,0.2812198481608411,-0.28776753926242343,0.274040845824306,0.0,0.0,0.0,-0.0020662708193288706,-0.0044814202822534635,-0.00924527315586401,0.28328611898017,-0.28328611898017,0.28328611898017
3.54,0.2804543623488651,-0.2868919420673682,0.27339596316905146,0.0,0.0,0.0,-0.0020315133573495653,-0.004406066361153483,-0.009089912537163238,0.2824858757062147,-0.2824858757062147,0.2824858757062147
3.5500000000000003,0.27969270498955573,-0.2860223264489773,0.27275255483954447,0.0,0.0,0.0,-0.0019974358555146566,-0.004332185603906935,-0.008937586005525935,0.2816901408450704,-0.2816901408450704,0.2816901408450704
3.56,0.27893485324257095,-0.28515862162313155,0.2721106502656198,0.0,0.0,0.0,-0.001964023161923471,-0.004259745218637142,-0.008788226138874563,0.2808988764044944,-0.2808988764044944,0.2808988764044944
3.5700000000000003,0.2781807843147535,-0.28430075804917737,0.2714702776258365,0.0,0.0,0.0,-0.001931260503173634,-0.004188713231250183,-0.008641767192090678,0.2801120448179272,-0.2801120448179272,0.2801120448179272
3.58,0.2774304754646517,-0.28344866740142743,0.2708314638876,0.0,0.0,0.0,-0.001899133473895739,-0.004119058462879945,-0.008498145050947477,0.27932960893854747,-0.27932960893854747,0.27932960893854747
3.59,0.27668390400682125,-0.28260228254143993,0.2701942348460019,0.0,0.0,0.0,-0.0018676280266049406,-0.004050750508013728,-0.008357297187424256,0.2785515320334262,-0.2785515320334262,0.2785515320334262
3.6,0.2759410473159187,-0.28176153749105404,0.2695586151614196,0.0,0.0,0.0,-0.0018367304618590995,-0.003983759713276265,-0.008219162616358163,0.2777777777777778,-0.2777777777777778,0.2777777777777778
3.61,0.27520188283059405,-0.2809263674061582,0.2689246283959176,0.0,0.0,0.0,-0.0018064274187134315,-0.003918057156850647,-0.008083681853389951,0.2770083102493075,-0.2770083102493075,0.2770083102493075
3.62,0.27446638805719004,-0.2800967085511673,0.2682922970484901,0.0,0.0,0.0,-0.0017767058654619247,-0.003853614628515374,-0.007950796874161822,0.27624309392265195,-0.27624309392265195,0.27624309392265195
3.63,0.27373454057325564,-0.2792724982741895,0.2676616425891846,0.0,0.0,0.0,-0.0017475530906562,-0.00379040461027761,-0.007820451074727206,0.27548209366391185,-0.27548209366391185,0.27548209366391185
3.64,0.27300631803088193,-0.27845367498285795,0.2670326854921413,0.0,0.0,0.0,-0.0017189566943927692,-0.003728400257583238,-0.007692589233133377,0.2747252747252747,-0.2747252747252747,0.2747252747252747
3.65,0.272281698159866,-0.27764017812081115,0.2664054452675866,0.0,0.0,0.0,-0.0016909045798599932,-0.0036675753810851636,-0.0075671574721394574,0.273972602739726,-0.273972602739726,0.273972602739726
3.66,0.2715606587707107,-0.27683194814479883,0.2657799404928136,0.0,0.0,0.0,-0.0016633849451363073,-0.0036079044289518488,-0.007444103223033374,0.27322404371584696,-0.27322404371584696,0.27322404371584696
3.67,0.2708431777574659,-0.2760289265023963,0.2651561888421848,0.0,0.0,0.0,-0.0016363862752316449,-0.003549362469698708,-0.00732337519051279,0.2724795640326976,-0.2724795640326976,0.2724795640326976
3.68,0.2701292331004184,-0.2752310556103082,0.26453420711618647,0.0,0.0,0.0,-0.0016098973343641693,-0.0034919251755255822,-0.0072049233185960985,0.2717391304347826,-0.2717391304347826,0.2717391304347826
3.69,0.26941880286863545,-0.2744382788332445,0.2639140112695694,0.0,0.0,0.0,-0.001583907158464829,-0.003435568806144201,-0.007088698757530889,0.2710027100271003,-0.2710027100271003,0.2710027100271003
3.7,0.2687118652223679,-0.2736505404633501,0.26329561643860216,0.0,0.0,0.0,-0.001558405047902347,-0.0033802701930798628,-0.006974653831668063,0.27027027027027023,-0.27027027027027023,0.27027027027027023
3.71,0.26800839841531954,-0.2728677857001736,0.2626790369674698,0.0,0.0,0.0,-0.0015333805604217047,-0.0033260067244323733,-0.006862742008271397,0.2695417789757412,-0.2695417789757412,0.2695417789757412
3.72,0.26730838079678604,-0.27208996063115687,0.2620642864338425,0.0,0.0,0.0,-0.001508823504289209,-0.0032727563300815965,-0.006752917867232769,0.26881720430107525,-0.26881720430107525,0.26881720430107525
3.73,0.26661179081367065,-0.2713170122126319,0.2614513776736435,0.0,0.0,0.0,-0.0014847239316376694,-0.0032204974673235532,-0.006645137071664782,0.2680965147453083,-0.2680965147453083,0.2680965147453083
3.74,0.26591860701237974,-0.27054888825130846,0.2608403228050418,0.0,0.0,0.0,-0.0014610721320052716,-0.0031692091069234866,-0.006539356339343161,0.267379679144385,-0.267379679144385,0.267379679144385
3.75,0.2652288080406046,-0.26978553738623945,0.2602311332516943,0.0,0.0,0.0,-0.0014378586260620763,-0.0031188707195727626,-0.00643553341497236,0.26666666666666666,-0.26666666666666666,0.26666666666666666
3.7600000000000002,0.2645423726489925,-0.2690269090712475,0.25962381976526205,0.0,0.0,0.0,-0.0014150741595181614,-0.003069462262736882,-0.006333627043248598,0.26595744680851063,-0.26595744680851063,0.26595744680851063
3.77,0.26385927969271267,-0.26827295355780284,0.25901839244722474,0.0,0.0,0.0,-0.0013927096972077655,-0.0030209641678823874,-0.0062335969426957055,0.26525198938992045,-0.26525198938992045,0.26525198938992045
3.7800000000000002,0.2631795081329207,-0.26752362187833534,0.2584148607700151,0.0,0.0,0.0,-0.0013707564173438436,-0.0029733573280708004,-0.006135403780249441,0.26455026455026454,-0.26455026455026454,0.26455026455026454
3.79,0.26250303703812555,-0.26677886582997146,0.2578132335974959,0.0,0.0,0.0,-0.0013492057059377538,-0.0029266230859081492,-0.00603900914656739,0.2638522427440633,-0.2638522427440633,0.2638522427440633
3.8000000000000003,0.26182984558546324,-0.2660386379586811,0.2572135192048003,0.0,0.0,0.0,-0.0013280491513788662,-0.0028807432218389837,-0.005944375532041814,0.2631578947368421,-0.2631578947368421,0.2631578947368421
3.81,0.2611599130618807,-0.26530289154382414,0.25661572529755605,0.0,0.0,0.0,-0.001307278539169166,-0.00283569994277429,-0.0058514663034938096,0.26246719160104987,-0.26246719160104987,0.26246719160104987
3.8200000000000003,0.2604932188652339,-0.2645715805830847,0.25601985903051405,0.0,0.0,0.0,-0.0012868858468079937,-0.0027914758710428297,-0.005760245681527848,0.2617801047120419,-0.2617801047120419,0.2617801047120419
3.83,0.259829742505303,-0.2638446597777813,0.2554259270255989,0.0,0.0,0.0,-0.0012668632388222953,-0.0027480540336560374,-0.005670678718526394,0.2610966057441253,-0.2610966057441253,0.2610966057441253
3.84,0.2591694636047288,-0.26312208451854346,0.25483393538940174,0.0,0.0,0.0,-0.001247203061937876,-0.002705417851876752,-0.005582731277264941,0.2604166666666667,-0.2604166666666667,0.2604166666666667
3.85,0.2585123618998724,-0.2624038108713422,0.2542438897301311,0.0,0.0,0.0,-0.001227897840387296,-0.002663551131082444,-0.005496370010128592,0.2597402597402597,-0.2597402597402597,0.2597402597402597
3.86,0.25785841724160313,-0.26168979556386734,0.2536557951740416,0.0,0.0,0.0,-0.001208940271350249,-0.0026224380509139674,-0.005411562338911823,0.2590673575129534,-0.2590673575129534,0.2590673575129534
3.87,0.25720760959601513,-0.2609799959722385,0.2530696563813538,0.0,0.0,0.0,-0.0011903232205222893,-0.0025820631557010396,-0.005328276435183624,0.25839793281653745,-0.25839793281653745,0.25839793281653745
3.88,0.2565599190450786,-0.26027437010804266,0.25248547756168566,0.0,0.0,0.0,-0.0011720397178080662,-0.002542411345156039,-0.005246481201200947,0.2577319587628866,-0.2577319587628866,0.2577319587628866
3.89,0.2559153257872247,-0.25957287660568784,0.2519032624890061,0.0,0.0,0.0,-0.0011540829531351711,-0.002503467865327959,-0.005166146251353812,0.2570694087403599,-0.2570694087403599,0.2570694087403599
3.9,0.2552738101378714,-0.25887547471006506,0.25132301451613037,0.0,0.0,0.0,-0.001136446272385018,-0.0024652182998086266,-0.005087241894126043,0.25641025641025644,-0.25641025641025644,0.25641025641025644
3.91,0.2546353525298877,-0.2581821242645083,0.2507447365887688,0.0,0.0,0.0,-0.0011191231734371167,-0.002427648561183497,-0.005009739114556054,0.2557544757033248,-0.2557544757033248,0.2557544757033248
3.92,0.2539999335140032,-0.25749278569904627,0.2501684312591438,0.0,0.0,0.0,-0.0011021073023233764,-0.0023907448827197326,-0.0049336095571827394,0.25510204081632654,-0.25510204081632654,0.25510204081632654
3.93,0.2533675337591623,-0.2568074200189357,0.24959410069918964,0.0,0.0,0.0,-0.0010853924494890574,-0.0023544938102842954,-0.00485882550946176,0.2544529262086514,-0.2544529262086514,0.2544529262086514
3.94,0.2527381340528276,-0.25612598879347004,0.24902174671334634,0.0,0.0,0.0,-0.0010689725461571916,-0.0023188821944852564,-0.0047853598856384,0.25380710659898476,-0.25380710659898476,0.25380710659898476
3.95,0.25211171530123194,-0.2554484541450548,0.2484513707509622,0.0,0.0,0.0,-0.0010528416607933427,-0.002283897183029531,-0.004713186211063068,0.2531645569620253,-0.2531645569620253,0.2531645569620253
3.96,0.25148825852958484,-0.25477477873854315,0.247882973918316,0.0,0.0,0.0,-0.0010369939956677025,-0.0022495262132906364,-0.004642278606936538,0.25252525252525254,-0.25252525252525254,0.25252525252525254
3.97,0.25086774488223146,-0.2541049257708232,0.24731655699027114,0.0,0.0,0.0,-0.0010214238835115994,-0.0022157570050801486,-0.004572611775471934,0.2518891687657431,-0.2518891687657431,0.2518891687657431
3.98,0.25025015562276953,-0.253438858960652,0.24675212042157385,0.0,0.0,0.0,-0.0010061257842656256,-0.002182577553616843,-0.004504160985461313,0.25125628140703515,-0.25125628140703515,0.25125628140703515
3.99,0.24963547213412346,-0.25277654253872767,0.2461896643578054,0.0,0.0,0.0,-0.0009910942819166214,-0.002149976122687603,-0.004436902058234678,0.2506265664160401,-0.2506265664160401,0.2506265664160401
4.0,0.2490236759185791,-0.25211794123799447,0.245629188646,0.0,0.0,0.0,-0.0009763240814208984,-0.0021179412379944587,-0.004370811353999999,0.25,-0.25,0.25
4.01,0.24841474859778015,-0.2514630202841735,0.24507069284493832,0.0,0.0,0.0,-0.0009618100057111416,-0.002086461680682191,-0.0043058657585529625,0.24937655860349128,-0.24937655860349128,0.24937655860349128
4.0200000000000005,0.2478086719126881,-0.25081174538651385,0.24451417623512703,0.0,0.0,0.0,-0.0009475469927845117,-0.0020555264810412583,-0.004242042670345574,0.24875621890547261,-0.24875621890547261,0.24875621890547261
4.03,0.2472054277235076,-0.25016408272875795,0.243959637828474,0.0,0.0,0.0,-0.0009335300928695599,-0.0020251249123808203,-0.004179319987903172,0.24813895781637715,-0.24813895781637715,0.24813895781637715
4.04,0.24660499800957789,-0.2495199989603144,0.24340707637766798,0.0,0.0,0.0,-0.0009197544656696237,-0.0019952464850668808,-0.0041176760975795545,0.24752475247524752,-0.24752475247524752,0.24752475247524752
4.05,0.2460073648692331,-0.24887946118763435,0.24285649038527313,0.0,0.0,0.0,-0.0009062153776804736,-0.001965880940720757,-0.004057089861640476,0.2469135802469136,-0.2469135802469136,0.2469135802469136
4.0600000000000005,0.24541251051963178,-0.24824243696578494,0.24230787811254592,0.0,0.0,0.0,-0.0008929081995800265,-0.0019370182465731232,-0.003997540606665889,0.2463054187192118,-0.2463054187192118,0.2463054187192118
4.07,0.24482041729655765,-0.24760889429021485,0.24176123758798398,0.0,0.0,0.0,-0.0008798284036880277,-0.0019086485899691653,-0.0039390081122617025,0.24570024570024568,-0.24570024570024568,0.24570024570024568
4.08,0.2442310676541926,-0.24697880158870664,0.2412165666156142,0.0,0.0,0.0,-0.0008669715614936496,-0.0018807623730203854,-0.0038814726000720584,0.24509803921568626,-0.24509803921568626,0.24509803921568626
4.09,0.24364444416486344,-0.24635212771351134,0.24067386278302896,0.0,0.0,0.0,-0.0008543333412490495,-0.001853350207398858,-0.0038249147230835123,0.24449877750611249,-0.24449877750611249,0.24449877750611249
4.1,0.2430605295187633,-0.24572884193366007,0.24013312346917765,0.0,0.0,0.0,-0.0008419095056269604,-0.0018264029092697966,-0.0037693155552126225,0.24390243902439027,-0.24390243902439027,0.24390243902439027
4.11,0.24247930652364955,-0.2451089139274484,0.23959434585192116,0.0,0.0,0.0,-0.000829695909440469,-0.001799911494358404,-0.003714656581168846,0.24330900243309,-0.24330900243309,0.24330900243309
4.12,0.24190075810451855,-0.24449231377508898,0.2390575269153569,0.0,0.0,0.0,-0.0008176884974231852,-0.0017738671731472207,-0.003660919686584845,0.24271844660194175,-0.24271844660194175,0.24271844660194175
4.13,0.24132486730325883,-0.243879011951527,0.23852266345692041,0.0,0.0,0.0,-0.0008058833020680528,-0.0017482613462001173,-0.0036080871484064766,0.24213075060532688,-0.24213075060532688,0.24213075060532688
4.14,0.24075161727828365,-0.24326897931941616,0.23798975209427162,0.0,0.0,0.0,-0.0007942764415231386,-0.0017230855996093859,-0.0035561416255351537,0.24154589371980678,-0.24154589371980678,0.24154589371980678
4.15,0.24018099130414397,-0.24266218712224907,0.23745878927197142,0.0,0.0,0.0,-0.0007828641175427433,-0.0016983317005623587,-0.0035050661497152834,0.24096385542168672,-0.24096385542168672,0.24096385542168672
4.16,0.2396129727711231,-0.24205860697763956,0.23692977126795547,0.0,0.0,0.0,-0.0007716426134922733,-0.0016739915930241893,-0.003454844116659901,0.24038461538461536,-0.24038461538461536,0.24038461538461536
4.17,0.23904754518481292,-0.24145821087075164,0.23640269419981058,0.0,0.0,0.0,-0.0007606082924053176,-0.0016500573935334243,-0.0034054592774076546,0.23980815347721823,-0.23980815347721823,0.23980815347721823
4.18,0.2384846921656741,-0.2408609711478728,0.23587755403086091,0.0,0.0,0.0,-0.0007497575950914634,-0.0016265213871072205,-0.003356895729904651,0.23923444976076558,-0.23923444976076558,0.23923444976076558
4.19,0.2379243974485801,-0.24026686051012658,0.23535434657606868,0.0,0.0,0.0,-0.000739087038293401,-0.0016033760232530762,-0.0033091379108047972,0.2386634844868735,-0.2386634844868735,0.2386634844868735
4.2,0.23736664488234616,-0.23967585200732217,0.2348330675077556,0.0,0.0,0.0,-0.000728593212891924,-0.0015806139120840717,-0.0032621705874824854,0.23809523809523808,-0.23809523809523808,0.23809523809523808
4.21,0.23681141842924397,-0.23908791903193613,0.23431371236114984,0.0,0.0,0.0,-0.0007182727821574625,-0.0015582278205346803,-0.0032159788502515957,0.23752969121140144,-0.23752969121140144,0.23752969121140144
4.22,0.23625870216450293,-0.23850303531322412,0.23379627653976465,0.0,0.0,0.0,-0.0007081224800468512,-0.0015362106686743473,-0.003170548104785121,0.23696682464454977,-0.23696682464454977,0.23696682464454977
4.23,0.23570848027579872,-0.23792117491145884,0.23328075532061304,0.0,0.0,0.0,-0.0006981391095440526,-0.0015145555261160783,-0.003125864064729731,0.23640661938534277,-0.23640661938534277,0.23640661938534277
4.24,0.23516073706272997,-0.23734231221229093,0.2327671438592637,0.0,0.0,0.0,-0.0006883195410436002,-0.001493255608517372,-0.0030819127445098527,0.23584905660377356,-0.23584905660377356,0.23584905660377356
4.25,0.23461545693628325,-0.23676642192122974,0.23225543719474287,0.0,0.0,0.0,-0.0006786607107755659,-0.0014723042741709156,-0.003038680452315954,0.23529411764705882,-0.23529411764705882,0.23529411764705882
4.26,0.2340726244182878,-0.23619347905824123,0.2317456302542867,0.0,0.0,0.0,-0.0006691596192708944,-0.0014516950206825503,-0.002996153783271988,0.2347417840375587,-0.2347417840375587,0.2347417840375587
4.2700000000000005,0.23353222414086,-0.23562345895246006,0.23123771785794905,0.0,0.0,0.0,-0.0006598133298659793,-0.0014314214817340762,-0.002954319612776924,0.23419203747072598,-0.23419203747072598,0.23419203747072598
4.28,0.23299424084583872,-0.23505633723701264,0.23073169472306848,0.0,0.0,0.0,-0.0006506189672453867,-0.0014114774239285255,-0.0029131650900156396,0.2336448598130841,-0.2336448598130841,0.2336448598130841
4.29,0.23245865938421142,-0.23449208984394873,0.2302275554685987,0.0,0.0,0.0,-0.0006415737160216661,-0.0013918567437156393,-0.0028726776316344137,0.2331002331002331,-0.2331002331002331,0.2331002331002331
4.3,0.2319254647155325,-0.23393069299927904,0.22972529461930716,0.0,0.0,0.0,-0.0006326748193512312,-0.0013725534643953233,-0.0028328449155765583,0.23255813953488372,-0.23255813953488372,0.23255813953488372
4.3100000000000005,0.23139464190733344,-0.23337212321811568,0.22922490660984504,0.0,0.0,0.0,-0.0006239195775853019,-0.0013535617331969336,-0.002793654875073719,0.23201856148491876,-0.23201856148491876,0.23201856148491876
4.32,0.2308661761345265,-0.23281635729991376,0.2287263857886928,0.0,0.0,0.0,-0.0006153053469549535,-0.0013348758184322986,-0.002755095692788646,0.23148148148148145,-0.23148148148148145,0.23148148148148145
4.33,0.23034005267880073,-0.23226337232381053,0.22822972642198486,0.0,0.0,0.0,-0.0006068295382893223,-0.00131649010672047,-0.002717155795105195,0.23094688221709006,-0.23094688221709006,0.23094688221709006
4.34,0.22981625692801272,-0.231713145644061,0.22773492269721718,0.0,0.0,0.0,-0.0005984896157660707,-0.0012983991002822185,-0.0026798238465616285,0.2304147465437788,-0.2304147465437788,0.2304147465437788
4.3500000000000005,0.2292947743755711,-0.23116565488556673,0.22724196872684108,0.0,0.0,0.0,-0.0005902830956932206,-0.0012805974143023865,-0.002643088744423248,0.22988505747126434,-0.22988505747126434,0.22988505747126434
4.36,0.2287755906198161,-0.23062087793949584,0.22675085855174698,0.0,0.0,0.0,-0.0005822075453215037,-0.0012630797743582356,-0.002606939613390626,0.2293577981651376,-0.2293577981651376,0.2293577981651376
4.37,0.2282586913633937,-0.23007879295899206,0.22626158614464043,0.0,0.0,0.0,-0.0005742605816863874,-0.0012458410139119893,-0.002571365800439659,0.22883295194508008,-0.22883295194508008,0.22883295194508008
4.38,0.22774406241262604,-0.22953937835497087,0.22577414541331506,0.0,0.0,0.0,-0.0005664398704789857,-0.0012288760718658477,-0.0025363568697899896,0.22831050228310504,-0.22831050228310504,0.22831050228310504
4.39,0.2272316896768773,-0.2290026127920001,0.22528853020382408,0.0,0.0,0.0,-0.0005587431249450548,-0.001212179990177764,-0.0025019025979982658,0.22779043280182235,-0.22779043280182235,0.22779043280182235
4.4,0.22672155916791595,-0.2284684751842636,0.2248047343035544,0.0,0.0,0.0,-0.0005511681048113254,-0.0011957479115363495,-0.0024679929691728522,0.22727272727272727,-0.22727272727272727,0.22727272727272727
4.41,0.22621365699927404,-0.22793694469160578,0.22432275144420566,0.0,0.0,0.0,-0.0005437126152384281,-0.001179575077093308,-0.0024346181703067925,0.22675736961451246,-0.22675736961451246,0.22675736961451246
4.42,0.22570796938560303,-0.22740800071565456,0.22384257530467694,0.0,0.0,0.0,-0.0005363745057996936,-0.001163656824251851,-0.0024017685867257785,0.22624434389140272,-0.22624434389140272,0.22624434389140272
4.43,0.2252044826420273,-0.22688162289602204,0.22336419951386435,0.0,0.0,0.0,-0.0005291516694851368,-0.0011479885845095985,-0.002369434797648096,0.22573363431151244,-0.22573363431151244,0.22573363431151244
4.44,0.22470318318349525,-0.2263577911065797,0.22288761765337167,0.0,0.0,0.0,-0.0005220420417299451,-0.0011325658813545014,-0.0023376075718535205,0.2252252252252252,-0.2252252252252252,0.2252252252252252
4.45,0.22420405752412867,-0.22583648545180787,0.2224128232601372,0.0,0.0,0.0,-0.0005150435994668235,-0.001117384328212365,-0.002306277863458306,0.2247191011235955,-0.2247191011235955,0.2247191011235955
4.46,0.22370709227656976,-0.2253176862632159,0.22193980982897796,0.0,0.0,0.0,-0.0005081543602015403,-0.0011024396264445947,-0.0022754368077933535,0.2242152466367713,-0.2242152466367713,0.2242152466367713
4.47,0.2232122741513274,-0.22480137409583334,0.22146857081505558,0.0,0.0,0.0,-0.0005013723811110785,-0.0010877275633948463,-0.0022450757173829287,0.2237136465324385,-0.2237136465324385,0.2237136465324385
4.48,0.22271958995612193,-0.22428752972476895,0.22099909963626452,0.0,0.0,0.0,-0.0004946957581637764,-0.0010732440104832535,-0.002215186078021181,0.2232142857142857,-0.2232142857142857,0.2232142857142857
4.49,0.22222902659522908,-0.22377613414183697,0.22053138967554603,0.0,0.0,0.0,-0.0004881226252608797,-0.001058984921347003,-0.0021857595449439188,0.22271714922048996,-0.22271714922048996,0.22271714922048996
4.5,0.22174057106882328,-0.2232671685522482,0.2200654342831291,0.0,0.0,0.0,-0.000481651153398934,-0.0010449463300259967,-0.0021567879390931143,0.2222222222222222,-0.2222222222222222,0.2222222222222222
4.51,0.2212542104723205,-0.2227606143713654,0.21960122677870125,0.0,0.0,0.0,-0.00047527954985247394,-0.0010311243491924478,-0.0021282632434716934,0.22172949002217296,-0.22172949002217296,0.22172949002217296
4.5200000000000005,0.22076993199572087,-0.22225645322152054,0.21913876045351108,0.0,0.0,0.0,-0.0004690060573764671,-0.0010175151684232275,-0.0021001775995862573,0.22123893805309733,-0.22123893805309733,0.22123893805309733
4.53,0.22028772292295168,-0.22175466692889353,0.2186780285724043,0.0,0.0,0.0,-0.00046282895342799983,-0.0010041150525138555,-0.0020725233039754053,0.22075055187637968,-0.22075055187637968,0.22075055187637968
4.54,0.21980757063121004,-0.22125523752044976,0.2182190243757953,0.0,0.0,0.0,-0.0004567465494066914,-0.0009909203398330247,-0.002045292804821437,0.22026431718061673,-0.22026431718061673,0.22026431718061673
4.55,0.21932946259030642,-0.2207581472209364,0.21776174108157653,0.0,0.0,0.0,-0.00045075718991335504,-0.0009779274407166253,-0.002018478698643244,0.21978021978021978,-0.21978021978021978,0.21978021978021978
4.5600000000000005,0.21885338636200866,-0.2202633784499353,0.21730617188696677,0.0,0.0,0.0,-0.00044485925202642255,-0.0009651328359002125,-0.0019920737270682993,0.21929824561403508,-0.21929824561403508,0.21929824561403508
4.57,0.21837932959938683,-0.21977091381897143,0.21685230997030083,0.0,0.0,0.0,-0.00043905114459567374,-0.0009525330749889354,-0.0019660707736816607,0.2188183807439825,-0.2188183807439825,0.2188183807439825
4.58,0.21790728004615897,-0.21928073612867574,0.2164001484927618,0.0,0.0,0.0,-0.0004333313075528159,-0.0009401247749639374,-0.0019404628609500031,0.2183406113537118,-0.2183406113537118,0.2183406113537118
4.59,0.21743722553603823,-0.218792828366001,0.21594968060005795,0.0,0.0,0.0,-0.0004276982112384803,-0.0009279046187242976,-0.0019152431472187381,0.2178649237472767,-0.2178649237472767,0.2178649237472767
4.6000000000000005,0.21696915399208083,-0.21830717370148964,0.2155008994240457,0.0,0.0,0.0,-0.00042215035574520737,-0.0009158693536635795,-0.0018904049237803305,0.21739130434782605,-0.21739130434782605,0.21739130434782605
4.61,0.21650305342603632,-0.21782375548659244,0.21505379808430033,0.0,0.0,0.0,-0.0004166862702760109,-0.0009040157902801125,-0.001865941612011999,0.21691973969631234,-0.21691973969631234,0.21691973969631234
4.62,0.21603891193769834,-0.21734255725103654,0.2146083696896355,0.0,0.0,0.0,-0.0004113045125181111,-0.0008923408008201046,-0.001841846760580944,0.21645021645021645,-0.21645021645021645,0.21645021645021645
4.63,0.21557671771425796,-0.2168635627002422,0.21416460733957393,0.0,0.0,0.0,-0.0004060036680314568,-0.0008808413179527829,-0.0018181140427154783,0.2159827213822894,-0.2159827213822894,0.2159827213822894
4.64,0.2151164590296587,-0.21638675571278707,0.21372250412577007,0.0,0.0,0.0,-0.0004007823496516512,-0.0008695143334767039,-0.0017947372535402802,0.21551724137931036,-0.21551724137931036,0.21551724137931036
4.65,0.21465812424395328,-0.21591212033791665,0.21328205313338602,0.0,0.0,0.0,-0.0003956391969069092,-0.0008583568970564619,-0.0017717103074741643,0.2150537634408602,-0.2150537634408602,0.2150537634408602
4.66,0.2142017018026629,-0.2154396407931006,0.2128432474424228,0.0,0.0,0.0,-0.00039057287544869693,-0.0008473661149890003,-0.0017490272356888007,0.2145922746781116,-0.2145922746781116,0.2145922746781116
4.67,0.21374718023613815,-0.21496930146163262,0.21240608012900705,0.0,0.0,0.0,-0.00038558207649568916,-0.0008365391489987799,-0.0017266821836267742,0.21413276231263384,-0.21413276231263384,0.21413276231263384
4.68,0.21329454815892296,-0.21450108689027478,0.21197054426663617,0.0,0.0,0.0,-0.00038066551629072385,-0.0008258732150610715,-0.0017046694085775269,0.2136752136752137,-0.2136752136752137,0.2136752136752137
4.69,0.21284379426912042,-0.21403498178694347,0.21153663292738115,0.0,0.0,0.0,-0.00037582193557040693,-0.0008153655822526531,-0.0016829832773096855,0.21321961620469082,-0.21321961620469082,0.21321961620469082
4.7,0.21239490734776145,-0.21357097101843772,0.21110433918305013,0.0,0.0,0.0,-0.0003710500990470586,-0.0008050135716292225,-0.0016616182637583844,0.2127659574468085,-0.2127659574468085,0.2127659574468085
4.71,0.21194787625817588,-0.2131090396082074,0.21067365610631245,0.0,0.0,0.0,-0.00036634879490267814,-0.0007948145551288418,-0.001640568946766126,0.21231422505307856,-0.21231422505307856,0.21231422505307856
4.72,0.2115026899453664,-0.2126491727341618,0.21024457677178512,0.0,0.0,0.0,-0.0003617168342946347,-0.000784765954500767,-0.0016198300078759144,0.21186440677966104,-0.21186440677966104,0.21186440677966104
4.73,0.21105933743538513,-0.21219135572651693,0.20981709425708261,0.0,0.0,0.0,-0.00035715305087277894,-0.0007748652402590205,-0.0015993962291752923,0.2114164904862579,-0.2114164904862579,0.2114164904862579
4.74,0.21061780783471337,-0.21173557406568116,0.20939120164383107,0.0,0.0,0.0,-0.0003526563003076963,-0.0007651099306600781,-0.0015792624911900141,0.21097046413502107,-0.21097046413502107,0.21097046413502107
4.75,0.21017809032964385,-0.21128181338017774,0.20896689201864754,0.0,0.0,0.0,-0.00034822545982981324,-0.0007554975907040725,-0.0015594237708261307,0.21052631578947367,-0.21052631578947367,0.21052631578947367
4.76,0.2097401741856663,-0.2108300594446043,0.20854415847408614,0.0,0.0,0.0,-0.0003438594277790937,-0.000746025831158924,-0.0015398751393592436,0.21008403361344538,-0.21008403361344538,0.21008403361344538
4.7700000000000005,0.2093040487468559,-0.21038029817762777,0.20812299410955115,0.0,0.0,0.0,-0.00033955712316505556,-0.0007366923076068244,-0.0015206117604697966,0.20964360587002095,-0.20964360587002095,0.20964360587002095
4.78,0.20886970343526523,-0.2099325156400146,0.20770339203217886,0.0,0.0,0.0,-0.00033531748523685207,-0.0007274947195125208,-0.0015016288883232206,0.20920502092050208,-0.20920502092050208,0.20920502092050208
4.79,0.2084371277503189,-0.2094866980326949,0.20728534535768822,0.0,0.0,0.0,-0.0003311394730631645,-0.0007184308093128453,-0.0014829218656938186,0.20876826722338204,-0.20876826722338204,0.20876826722338204
4.8,0.20800631126821167,-0.20904283169486032,0.206868847211202,0.0,0.0,0.0,-0.0003270220651216671,-0.0007094983615269803,-0.0014644861221313477,0.20833333333333334,-0.20833333333333334,0.20833333333333334
4.8100000000000005,0.20757724364131006,-0.2086009031020948,0.20645389072803869,0.0,0.0,0.0,-0.00032296425889782274,-0.0007006952018869343,-0.0014463171721691929,0.20790020790020788,-0.20790020790020788,0.20790020790020788
4.82,0.207149914597557,-0.2081608988645375,0.20604046905447665,0.0,0.0,0.0,-0.00031896507049278207,-0.0006920191964877326,-0.001428410613573139,0.20746887966804978,-0.20746887966804978,0.20746887966804978
4.83,0.20672431393987992,-0.2077228057250769,0.20562857534849036,0.0,0.0,0.0,-0.0003150235342401569,-0.0006834682509568317,-0.0014107621256297135,0.20703933747412007,-0.20703933747412007,0.20703933747412007
4.84,0.20630043154560243,-0.2072866105575762,0.20521820278046074,0.0,0.0,0.0,-0.00031113870233145404,-0.000675040309642293,-0.0013933674674731574,0.2066115702479339,-0.2066115702479339,0.2066115702479339
4.8500000000000005,0.20587825736585932,-0.20685230036512853,0.2048093445338592,0.0,0.0,0.0,-0.0003073096444499529,-0.0006667333548192472,-0.0013762224764500538,0.20618556701030927,-0.20618556701030927,0.20618556701030927
4.86,0.20545778142501514,-0.20641986227834216,0.20440199380590726,0.0,0.0,0.0,-0.0003035354474128232,-0.0006585454059142067,-0.0013593230665207095,0.20576131687242796,-0.20576131687242796,0.20576131687242796
4.87,0.2050389938200863,-0.20598928355365437,0.20399614380821124,0.0,0.0,0.0,-0.0002998152148212765,-0.0006504745187467814,-0.0013426652266963564,0.2053388090349076,-0.2053388090349076,0.2053388090349076
4.88,0.20462188472016668,-0.20556055157167363,0.20359178776737388,0.0,0.0,0.0,-0.0002961480667185585,-0.0006425187847883815,-0.0013262450195113558,0.20491803278688525,-0.20491803278688525,0.20491803278688525
4.89,0.2042064443658569,-0.20513365383554996,0.20318891892558297,0.0,0.0,0.0,-0.00029253313925559093,-0.0006346763304374889,-0.0013100585795295012,0.20449897750511248,-0.20449897750511248,0.20449897750511248
4.9,0.20379266306869712,-0.2047085779693723,0.2027875305411776,0.0,0.0,0.0,-0.000288969584364075,-0.000626945316311094,-0.0012941021118836175,0.2040816326530612,-0.2040816326530612,0.2040816326530612
4.91,0.20338053121060384,-0.20428531171659264,0.20238761588919307,0.0,0.0,0.0,-0.0002854565694368773,-0.0006193239365519106,-0.001278371890847651,0.20366598778004072,-0.20366598778004072,0.20366598778004072
4.92,0.20297003924330967,-0.20386384293847618,0.20198916826188476,0.0,0.0,0.0,-0.00028199327701551764,-0.0006118104181509738,-0.0012628642584404397,0.2032520325203252,-0.2032520325203252,0.2032520325203252
4.93,0.20256117768780751,-0.2034441596125774,0.20159218096923168,0.0,0.0,0.0,-0.00027857890448459315,-0.0006044030202852654,-0.0012475756230604371,0.20283975659229211,-0.20283975659229211,0.20283975659229211
4.94,0.20215393713379787,-0.20302624983124085,0.20119664733942025,0.0,0.0,0.0,-0.000275212663772965,-0.0005971000336699958,-0.001232502458150607,0.20242914979757085,-0.20242914979757085,0.20242914979757085
4.95,0.20174830823914047,-0.2026101018001272,0.20080256071930921,0.0,0.0,0.0,-0.0002718937810615507,-0.0005898997799251883,-0.001217641300892791,0.20202020202020202,-0.20202020202020202,0.20202020202020202
4.96,0.2013442817293089,-0.2021957038367627,0.20040991447487566,0.0,0.0,0.0,-0.0002686214964975562,-0.0005828006109562216,-0.001202988750930815,0.20161290322580647,-0.20161290322580647,0.20161290322580647
4.97,0.20094184839684961,-0.2017830443691126,0.20001870199164293,0.0,0.0,0.0,-0.0002653950639149992,-0.0005758009083480038,-0.0011885414691216773,0.2012072434607646,-0.2012072434607646,0.2012072434607646
4.98,0.20054099910084422,-0.20137211193417803,0.19962891667509147,0.0,0.0,0.0,-0.00026221375056137083,-0.0005688990827724422,-0.001174296176314115,0.2008032128514056,-0.2008032128514056,0.2008032128514056
4.99,0.2001417247663761,-0.20096289517661528,0.19924055195105247,0.0,0.0,0.0,-0.0002590768368302895,-0.0005620935734088977,-0.0011602496521539278,0.2004008016032064,-0.2004008016032064,0.2004008016032064
5.0,0.19974401638400002,-0.2005553828473773,0.19885360126608462,0.0,0.0,0.0,-0.0002559836160000001,-0.0005553828473773069,-0.0011463987339153834,0.2,-0.2,0.2
5.01,0.19934786500921603,-0.20014956380237728,0.1984680580878355,0.0,0.0,0.0,-0.0002529333939775858,-0.0005487653991836786,-0.001132740315358126,0.1996007984031936,-0.1996007984031936,0.1996007984031936
5.0200000000000005,0.19895326176194725,-0.19974542700117368,0.19808391590538707,0.0,0.0,0.0,-0.00024992548904875366,-0.000542239750177669,-0.0011192713456089486,0.199203187250996,-0.199203187250996,0.199203187250996
5.03,0.198560197826021,-0.19934296150567601,0.1977011682295862,0.0,0.0,0.0,-0.0002469592316330593,-0.0005358044480219445,-0.001105988828067865,0.19880715705765406,-0.19880715705765406,0.19880715705765406
5.04,0.19816866444865397,-0.19894215647887145,0.1973198085933605,0.0,0.0,0.0,-0.00024403396404444592,-0.0005294580661730549,-0.0010928898193378858,0.1984126984126984,-0.1984126984126984,0.1984126984126984
5.05,0.19777865293994107,-0.19854300118357157,0.19693983055202008,0.0,0.0,0.0,-0.00024114904025697025,-0.0005231992033735517,-0.0010799714281779626,0.19801980198019803,-0.19801980198019803,0.19801980198019803
5.0600000000000005,0.1973901546723481,-0.19814548498117876,0.19656122768354514,0.0,0.0,0.0,-0.00023830382567559236,-0.0005170264831550779,-0.0010672308144785304,0.19762845849802368,-0.19762845849802368,0.19762845849802368
5.07,0.19700316108020838,-0.19774959733047248,0.19618399358886116,0.0,0.0,0.0,-0.00023549769691191407,-0.0005109385533521774,-0.001054665188259142,0.1972386587771203,-0.1972386587771203,0.1972386587771203
5.08,0.19661766365922265,-0.19735532778641396,0.19580812189209973,0.0,0.0,0.0,-0.00023273004156474224,-0.0005049340856265654,-0.0010422718086876516,0.19685039370078738,-0.19685039370078738,0.19685039370078738
5.09,0.1962336539659632,-0.1969626659989702,0.19543360624084813,0.0,0.0,0.0,-0.00023000025800537258,-0.0004990117750016252,-0.0010300479831204642,0.19646365422396858,-0.19646365422396858,0.19646365422396858
5.1000000000000005,0.19585112361738152,-0.19657160171195587,0.19506044030638564,0.0,0.0,0.0,-0.00022730775516747624,-0.0004931703394068806,-0.0010179910661633482,0.196078431372549,-0.196078431372549,0.196078431372549
5.11,0.19547006429031996,-0.19618212476189367,0.1946886177839091,0.0,0.0,0.0,-0.0002246519523414888,-0.0004874085192322243,-0.001006098458752335,0.19569471624266144,-0.19569471624266144,0.19569471624266144
5.12,0.19509046772102662,-0.19579422507689165,0.19431813239274578,0.0,0.0,0.0,-0.00022203227897338724,-0.0004817250768916566,-0.0009943676072542286,0.1953125,-0.1953125,0.1953125
5.13,0.19471232570467456,-0.19540789267553865,0.19394897787655602,0.0,0.0,0.0,-0.00021944817446776325,-0.0004761187963963361,-0.00098279600258629,0.19493177387914232,-0.19493177387914232,0.19493177387914232
5.14,0.1943356300948843,-0.1950231176658161,0.19358114800352474,0.0,0.0,0.0,-0.00021689908799508555,-0.0004705884829367058,-0.0009713811793546343,0.19455252918287938,-0.19455252918287938,0.19455252918287938
5.15,0.19396037280325035,-0.1946398902440269,0.19321463656654247,0.0,0.0,0.0,-0.0002143844783030584,-0.00046513296247349814,-0.0009601207150109091,0.1941747572815534,-0.1941747572815534,0.1941747572815534
5.16,0.1935865457988711,-0.1942582006937405,0.19284943738337623,0.0,0.0,0.0,-0.00021190381353197843,-0.0004597510813374065,-0.0009490122290268469,0.19379844961240308,-0.19379844961240308,0.19379844961240308
5.17,0.19321414110788285,-0.19387803938475406,0.1924855442968306,0.0,0.0,0.0,-0.00020945657103400067,-0.00045444170583722643,-0.0009380533820862555,0.19342359767891684,-0.19342359767891684,0.19342359767891684
5.18,0.19284315081299683,-0.19349939677206932,0.19212295117489897,0.0,0.0,0.0,-0.00020704223719622,-0.00044920372187627015,-0.0009272418752940717,0.19305019305019305,-0.19305019305019305,0.19305019305019305
5.19,0.19247356705304078,-0.19312226339488514,0.1917616519109062,0.0,0.0,0.0,-0.0002046603072674856,-0.0004440360345768659,-0.0009165754494020607,0.19267822736030826,-0.19267822736030826,0.19267822736030826
5.2,0.19210538202250343,-0.19274662987560504,0.1914016404236415,0.0,0.0,0.0,-0.00020231028518885694,-0.0004389375679127538,-0.0009060518840508072,0.1923076923076923,-0.1923076923076923,0.1923076923076923
5.21,0.19173858797108292,-0.19237248691885975,0.19104291065748297,0.0,0.0,0.0,-0.00019999168342762084,-0.00043390726434920185,-0.0008956689970275928,0.19193857965451055,-0.19193857965451055,0.19193857965451055
5.22,0.19137317720323885,-0.1919998253105443,0.19068545658251382,0.0,0.0,0.0,-0.00019770402281478884,-0.00042894408449065775,-0.0008854246435398316,0.19157088122605365,-0.19157088122605365,0.19157088122605365
5.23,0.19100914207774786,-0.19162863591686963,0.19032927219463017,0.0,0.0,0.0,-0.00019544683238599387,-0.0004240470067357772,-0.0008753167155036802,0.19120458891013384,-0.19120458891013384,0.19120458891013384
5.24,0.1906464750072628,-0.19125890968342818,0.18997435151564104,0.0,0.0,0.0,-0.00019321964922570977,-0.00041921502693964904,-0.0008653431408475011,0.19083969465648853,-0.19083969465648853,0.19083969465648853
5.25,0.19028516845787574,-0.19089063763427352,0.18962068859336065,0.0,0.0,0.0,-0.0001910220183147172,-0.0004144471580830562,-0.0008555018828298161,0.19047619047619047,-0.19047619047619047,0.19047619047619047
5.26,0.18992521494868392,-0.19052381087101328,0.1892682775016932,0.0,0.0,0.0,-0.00018885349238074298,-0.0004097424299486207,-0.0008457909393714512,0.19011406844106465,-0.19011406844106465,0.19011406844106465
5.2700000000000005,0.18956660705135972,-0.1901584205719156,0.1889171123407104,0.0,0.0,0.0,-0.00018671363175220063,-0.0004050998888036646,-0.0008362083424015244,0.18975332068311193,-0.18975332068311193,0.18975332068311193
5.28,0.18920933738972442,-0.18979445799102904,0.18856718723672242,0.0,0.0,0.0,-0.0001846020042149642,-0.000400518597089648,-0.0008267521572169882,0.1893939393939394,-0.1893939393939394,0.1893939393939394
5.29,0.1888533986393245,-0.1894319144573146,0.1882184963423412,0.0,0.0,0.0,-0.00018251818487210098,-0.00039599763311802365,-0.0008174204818553925,0.1890359168241966,-0.1890359168241966,0.1890359168241966
5.3,0.18849878352701238,-0.18907078137379124,0.18787103383653828,0.0,0.0,0.0,-0.00018046175600650442,-0.00039153609077237204,-0.0008082114464806059,0.18867924528301888,-0.18867924528301888,0.18867924528301888
5.3100000000000005,0.1881454848305301,-0.18871105021669313,0.1875247939246953,0.0,0.0,0.0,-0.00017843230694635558,-0.0003871330792166728,-0.0007991232127811726,0.18832391713747645,-0.18832391713747645,0.18832391713747645
5.32,0.1877934953780967,-0.18835271253463964,0.18717977083864903,0.0,0.0,0.0,-0.0001764294339333537,-0.0003827877226095775,-0.0007901539733810438,0.18796992481203006,-0.18796992481203006,0.18796992481203006
5.33,0.18744280804799884,-0.18799575994781703,0.1868359588367301,0.0,0.0,0.0,-0.00017445273999365098,-0.0003784991598245413,-0.0007813019512623888,0.18761726078799248,-0.18761726078799248,0.18761726078799248
5.34,0.18709341576818483,-0.18764018414717196,0.18649335220379604,0.0,0.0,0.0,-0.00017250183481143345,-0.0003742665441756956,-0.0007725653992002352,0.18726591760299627,-0.18726591760299627,0.18726591760299627
5.3500000000000005,0.18674531151586218,-0.1872859768936166,0.18615194525125864,0.0,0.0,0.0,-0.00017057633460508697,-0.0003700890431493203,-0.0007639425992086577,0.18691588785046728,-0.18691588785046728,0.18691588785046728
5.36,0.18639848831709857,-0.18693313001724526,0.18581173231710618,0.0,0.0,0.0,-0.00016867586200589352,-0.0003659658381408037,-0.0007554318619982704,0.18656716417910446,-0.18656716417910446,0.18656716417910446
5.37,0.1860529392464258,-0.18658163541656195,0.18547270776592023,0.0,0.0,0.0,-0.00016680004593919753,-0.00036189612419695383,-0.0007470315264447614,0.186219739292365,-0.186219739292365,0.186219739292365
5.38,0.1857086574264474,-0.18623148505771897,0.18513486598888718,0.0,0.0,0.0,-0.00016494852150799078,-0.0003578791097635579,-0.0007387399590682363,0.1858736059479554,-0.1858736059479554,0.1858736059479554
5.39,0.18536563602744954,-0.18588267097376646,0.1847982014038053,0.0,0.0,0.0,-0.00016312092987886116,-0.00035391401643806053,-0.0007305555535231214,0.1855287569573284,-0.1855287569573284,0.1855287569573284
5.4,0.18502386826701492,-0.18553518526391244,0.18446270845508678,0.0,0.0,0.0,-0.0001613169181702531,-0.0003500000787272569,-0.000722476730098401,0.18518518518518517,-0.18518518518518517,0.18518518518518517
5.41,0.18468334740964037,-0.18518902009279326,0.18412838161375542,0.0,0.0,0.0,-0.00015953613934298872,-0.00034613654380988507,-0.0007145019352279539,0.18484288354898337,-0.18484288354898337,0.18484288354898337
5.42,0.18434406676635717,-0.1848441676897542,0.1837952153774394,0.0,0.0,0.0,-0.00015777825209299838,-0.00034232267130401026,-0.000706629641010774,0.18450184501845018,-0.18450184501845018,0.18450184501845018
5.43,0.18400601969435507,-0.18450062034814038,0.18346320427036045,0.0,0.0,0.0,-0.00015604292074621582,-0.0003385577330390984,-0.0006988583447408513,0.1841620626151013,-0.1841620626151013,0.1841620626151013
5.44,0.1836691995966091,-0.18415837042459737,0.1831323428433182,0.0,0.0,0.0,-0.0001543298151555861,-0.00033484101283267205,-0.000691186568446508,0.1838235294117647,-0.1838235294117647,0.1838235294117647
5.45,0.18333359992150994,-0.18381741033838153,0.1828026256736711,0.0,0.0,0.0,-0.00015263861060014312,-0.00033117180627145477,-0.0006836128584389794,0.18348623853211007,-0.18348623853211007,0.18348623853211007
5.46,0.18299921416249704,-0.18347773257068004,0.1824740473653131,0.0,0.0,0.0,-0.00015096898768610957,-0.0003275494204968951,-0.0006761357848700326,0.18315018315018314,-0.18315018315018314,0.18315018315018314
5.47,0.18266603585769517,-0.18313932966394014,0.1821466025486467,0.0,0.0,0.0,-0.00014932063224997645,-0.000323973173994988,-0.0006687539412984383,0.18281535648994515,-0.18281535648994515,0.18281535648994515
5.48,0.182334058589554,-0.1828021942212078,0.18182028588055243,0.0,0.0,0.0,-0.0001476932352635182,-0.00032044239639028756,-0.0006614659442650923,0.18248175182481752,-0.18248175182481752,0.18248175182481752
5.49,0.18200327598449062,-0.18246631890547535,0.1814950920443547,0.0,0.0,0.0,-0.00014608649274070202,-0.000316956428244031,-0.0006542704328766024,0.18214936247723132,-0.18214936247723132,0.18214936247723132
5.5,0.18167368171253537,-0.1821316964390381,0.18117101574978467,0.0,0.0,0.0,-0.0001445001056464497,-0.000313514620856274,-0.0006471660683971563,0.18181818181818182,-0.18181818181818182,0.18181818181818182
5.51,0.18134526948698046,-0.1817983196028596,0.18084805173293916,0.0,0.0,0.0,-0.00014293377980721146,-0.00031011633607196,-0.0006401515338484955,0.18148820326678766,-0.18148820326678766,0.18148820326678766
5.5200000000000005,0.18101803306403172,-0.18146618123594588,0.18052619475623724,0.0,0.0,0.0,-0.00014138722582331437,-0.00030676094609083165,-0.000633225533617811,0.18115942028985504,-0.18115942028985504,0.18115942028985504
5.53,0.18069196624246361,-0.18113527423472775,0.18020543960837326,0.0,0.0,0.0,-0.00013986015898304524,-0.00030344783328110637,-0.0006263867930734037,0.18083182640144665,-0.18083182640144665,0.18083182640144665
5.54,0.18036706286327644,-0.1808055915524517,0.17988578110426695,0.0,0.0,0.0,-0.00013835229917843006,-0.0003001763899968301,-0.000619634058187922,0.18050541516245489,-0.18050541516245489,0.18050541516245489
5.55,0.18004331680935753,-0.18047712619857903,0.17956721408501117,0.0,0.0,0.0,-0.0001368633708226767,-0.00029694601839883386,-0.0006129660951690393,0.1801801801801802,-0.1801801801801802,0.1801801801801802
5.5600000000000005,0.1797207220051444,-0.18014987123819287,0.17924973341781628,0.0,0.0,0.0,-0.0001353931027692415,-0.00029375613027921515,-0.0006063816900973869,0.17985611510791366,-0.17985611510791366,0.17985611510791366
5.57,0.17939927241629175,-0.17982381979141351,0.17893333399595263,0.0,0.0,0.0,-0.00013394122823248778,-0.00029060614688926855,-0.0005998796485716092,0.17953321364452424,-0.17953321364452424,0.17953321364452424
5.58,0.1790789620493403,-0.17949896503282098,0.17861801073868983,0.0,0.0,0.0,-0.0001325074847098989,-0.00028749549877078734,-0.0005934587953603638,0.17921146953405018,-0.17921146953405018,0.17921146953405018
5.59,0.17875978495138936,-0.17917530019088584,0.17830375859123404,0.0,0.0,0.0,-0.0001310916139058171,-0.0002844236255906741,-0.0005871179740611485,0.17889087656529518,-0.17889087656529518,0.17889087656529518
5.6000000000000005,0.17844173520977188,-0.17885281854740734,0.17799057252466277,0.0,0.0,0.0,-0.00012969336165667122,-0.0002813899759787783,-0.0005808560467657799,0.17857142857142855,-0.17857142857142855,0.17857142857142855
5.61,0.17812480695173236,-0.17853151343695892,0.1776784475358576,0.0,0.0,0.0,-0.0001283124778576655,-0.0002783940073689017,-0.0005746718937324075,0.17825311942959002,-0.17825311942959002,0.17825311942959002
5.62,0.17780899434410732,-0.17821137824634112,0.17736737864743432,0.0,0.0,0.0,-0.0001269487163908938,-0.00027543518584289726,-0.0005685644130639031,0.17793594306049823,-0.17793594306049823,0.17793594306049823
5.63,0.17749429159300908,-0.17789240641404175,0.17705736090767143,0.0,0.0,0.0,-0.0001256018350548546,-0.00027251298597780063,-0.0005625325203925066,0.17761989342806395,-0.17761989342806395,0.17761989342806395
5.64,0.17718069294351177,-0.17757459142970303,0.17674838939043652,0.0,0.0,0.0,-0.00012427159549533226,-0.00026962689069592817,-0.0005565751485705878,0.1773049645390071,-0.1773049645390071,0.1773049645390071
5.65,0.17686819267934026,-0.17725792683359576,0.17644045919511048,0.0,0.0,0.0,-0.00012295776313761818,-0.0002667763911178774,-0.0005506912473673968,0.17699115044247787,-0.17699115044247787,0.17699115044247787
5.66,0.17655678512256195,-0.17694240621610036,0.17613356544651032,0.0,0.0,0.0,-0.00012166010712004346,-0.00026396098641837416,-0.000544879783171678,0.17667844522968199,-0.17667844522968199,0.17667844522968199
5.67,0.1762464646332809,-0.1766280232171946,0.17582770329480968,0.0,0.0,0.0,-0.00012037840022879384,-0.00026118018368489674,-0.0005391397387000188,0.1763668430335097,-0.1763668430335097,0.1763668430335097
5.68,0.17593722560933506,-0.17631477152594807,0.1755228679154582,0.0,0.0,0.0,-0.0001191124188339828,-0.00025843349777903,-0.0005334701127108229,0.17605633802816903,-0.17605633802816903,0.17605633802816903
5.69,0.17562906248599552,-0.17600264488002296,0.1752190545090987,0.0,0.0,0.0,-0.00011786194282695257,-0.0002557204512004835,-0.0005278699197237792,0.17574692442882248,-0.17574692442882248,0.17574692442882248
5.7,0.17532196973566927,-0.1756916370651818,0.17491625830148333,0.0,0.0,0.0,-0.00011662675555878221,-0.00025304057395372293,-0.0005223381897447198,0.17543859649122806,-0.17543859649122806,0.17543859649122806
5.71,0.17501594186760358,-0.1753817419148007,0.1746144745433878,0.0,0.0,0.0,-0.00011540664377997188,-0.0002503934034171555,-0.0005168739679957477,0.17513134851138354,-0.17513134851138354,0.17513134851138354
5.72,0.17471097342759356,-0.17507295330938966,0.1743136985105243,0.0,0.0,0.0,-0.00011420139758128372,-0.0002477784842148225,-0.0005114763146505294,0.17482517482517484,-0.17482517482517484,0.17482517482517484
5.73,0.1744070589976922,-0.17476526517611846,0.1740139255034533,0.0,0.0,0.0,-0.00011301081033571222,-0.00024519536809054033,-0.0005061443045746422,0.17452006980802792,-0.17452006980802792,0.17452006980802792
5.74,0.17410419319592288,-0.1744586714883489,0.17371515084749356,0.0,0.0,0.0,-0.00011183467864156215,-0.0002426436137844431,-0.0005008770270708738,0.17421602787456444,-0.17421602787456444,0.17421602787456444
5.75,0.17380237067599424,-0.17415316626517274,0.1734173698926315,0.0,0.0,0.0,-0.00011067280226660974,-0.0002401227869118746,-0.0004956735856293642,0.17391304347826086,-0.17391304347826086,0.17391304347826086
5.76,0.17350158612701777,-0.1738487435709557,0.17312057801342862,0.0,0.0,0.0,-0.00010952498409332533,-0.0002376324598445835,-0.0004905330976825007,0.1736111111111111,-0.1736111111111111,0.1736111111111111
5.7700000000000005,0.17320183427322774,-0.17354539751488704,0.17282477060892842,0.0,0.0,0.0,-0.00010839103006513633,-0.00023517221159417072,-0.00048545469436445674,0.17331022530329288,-0.17331022530329288,0.17331022530329288
5.78,0.17290310987370364,-0.1732431222505351,0.17252994310256206,0.0,0.0,0.0,-0.00010727074913370744,-0.0002327416276977467,-0.00048043752027529063,0.17301038062283736,-0.17301038062283736,0.17301038062283736
5.79,0.172605407722095,-0.17294191197540798,0.17223609094205275,0.0,0.0,0.0,-0.00010616395320721789,-0.00023034030010574816,-0.0004754807332494924,0.17271157167530224,-0.17271157167530224,0.17271157167530224
5.8,0.17230872264634867,-0.17264176093052017,0.17194320959931939,0.0,0.0,0.0,-0.00010507045709961556,-0.00022796782707187356,-0.0004705835041289093,0.1724137931034483,-0.1724137931034483,0.1724137931034483
5.8100000000000005,0.17201304950843826,-0.17234266339996418,0.17165129457037914,0.0,0.0,0.0,-0.00010399007848082698,-0.0002256238130450931,-0.0004657450165399408,0.1721170395869191,-0.1721170395869191,0.1721170395869191
5.82,0.1717183832040965,-0.1720446137104881,0.17136034137524947,0.0,0.0,0.0,-0.00010292263782790504,-0.00022330786856368908,-0.00046096446667492935,0.1718213058419244,-0.1718213058419244,0.1718213058419244
5.83,0.17142471866254913,-0.17174760623107752,0.17107034555784859,0.0,0.0,0.0,-0.00010186795837709277,-0.00022101961015128657,-0.00045624106307764876,0.17152658662092624,-0.17152658662092624,0.17152658662092624
5.84,0.17113205084625197,-0.1714516353725436,0.17078130268589595,0.0,0.0,0.0,-0.00010082586607678747,-0.00021875866021483248,-0.00045157402643281963,0.17123287671232876,-0.17123287671232876,0.17123287671232876
5.8500000000000005,0.17084037475062952,-0.1711566955871154,0.17049320835081136,0.0,0.0,0.0,-9.979618954138423e-05,-0.00021652464694448488,-0.0004469625893595568,0.17094017094017092,-0.17094017094017092,0.17094017094017092
5.86,0.17054968540381651,-0.1708627813680379,0.17020605816761383,0.0,0.0,0.0,-9.877876000598272e-05,-0.00021431720421537354,-0.0004424059962086809,0.1706484641638225,-0.1706484641638225,0.1706484641638225
5.87,0.17025997786640118,-0.17056988724917432,0.16991984777481933,0.0,0.0,0.0,-9.777341128193806e-05,-0.00021213597149118924,-0.0004379035028638017,0.17035775127768313,-0.17035775127768313,0.17035775127768313
5.88,0.1699712472311711,-0.1702780078046139,0.16963457283433825,0.0,0.0,0.0,-9.677997971324047e-05,-0.00020998059372957307,-0.0004334543765461129,0.17006802721088435,-0.17006802721088435,0.17006802721088435
5.89,0.16968348862286123,-0.1699871376482842,0.16935022903137212,0.0,0.0,0.0,-9.579830413370534e-05,-0.00020785072128926043,-0.00042905789562280687,0.16977928692699493,-0.16977928692699493,0.16977928692699493
5.9,0.16939669719790384,-0.16969727143356775,0.16906681207430976,0.0,0.0,0.0,-9.48282258249576e-05,-0.0002057460098389507,-0.00042471334941904904,0.1694915254237288,-0.1694915254237288,0.1694915254237288
5.91,0.1691108681441813,-0.16940840385292438,0.16878431769462307,0.0,0.0,0.0,-9.386958847519597e-05,-0.00020366612026786438,-0.0004204200380334332,0.1692047377326565,-0.1692047377326565,0.1692047377326565
5.92,0.1688259966807802,-0.16912052963751686,0.16850274164676207,0.0,0.0,0.0,-9.2922238138718e-05,-0.00020161071859795384,-0.00041617727215684605,0.16891891891891891,-0.16891891891891891,0.16891891891891891
5.93,0.16854207805774818,-0.1688336435568421,0.16822207970804967,0.0,0.0,0.0,-9.19860231961944e-05,-0.00019957947589773628,-0.00041198437289468193,0.16863406408094436,-0.16863406408094436,0.16863406408094436
5.94,0.16825910755585266,-0.16854774041836604,0.167942327678576,0.0,0.0,0.0,-9.106079431567449e-05,-0.0001975720681977141,-0.0004078406715923257,0.16835016835016833,-0.16835016835016833,0.16835016835016833
5.95,0.16797708048634197,-0.16826281506716365,0.16766348138109244,0.0,0.0,0.0,-9.014640441431058e-05,-0.00019558817640735315,-0.00040374550966385556,0.1680672268907563,-0.1680672268907563,0.1680672268907563
5.96,0.16769599219070808,-0.16797886238556245,0.16738553666090497,0.0,0.0,0.0,-8.924270862078438e-05,-0.0001936274862335833,-0.0003996982384238826,0.16778523489932887,-0.16778523489932887,0.16778523489932887
5.97,0.1674158380404517,-0.16769587729279092,0.16710848938576764,0.0,0.0,0.0,-8.834956423842344e-05,-0.00019168968810079755,-0.00039569821892248137,0.16750418760469013,-0.16750418760469013,0.16750418760469013
5.98,0.16713661343684955,-0.16741385474463083,0.1668323354457754,0.0,0.0,0.0,-8.746683070899315e-05,-0.0001897744770723132,-0.0003917448217831375,0.16722408026755853,-0.16722408026755853,0.16722408026755853
5.99,0.16685831381072336,-0.16713278973307377,0.16655707075325685,0.0,0.0,0.0,-8.659436957715045e-05,-0.00018788155277327077,-0.0003878374270436615,0.1669449081803005,-0.1669449081803005,0.1669449081803005
6.0,0.1665809346222111,-0.1668526772859816,0.16628269124266665,0.0,0.0,0.0,-8.57320444555463e-05,-0.00018601061931493765,-0.00038397542399999977,0.16666666666666666,-0.16666666666666666,0.16666666666666666
6.01,0.16630447136054025,-0.1665735124667512,0.1660091928704779,0.0,0.0,0.0,-8.487972099056456e-05,-0.00018416138522039377,-0.0003801582110528947,0.1663893510815308,-0.1663893510815308,0.1663893510815308
6.0200000000000005,0.16602891954380253,-0.16629529037398277,0.16573657161507388,0.0,0.0,0.0,-8.403726682868313e-05,-0.00018233356335156648,-0.00037638519555733147,0.1661129568106312,-0.1661129568106312,0.1661129568106312
6.03,0.16575427471873164,-0.16601800614115267,0.16546482347664038,0.0,0.0,0.0,-8.32045515834481e-05,-0.00018052687083759293,-0.0003726557936747206,0.16583747927031509,-0.16583747927031509,0.16583747927031509
6.04,0.16548053246048175,-0.16574165493628926,0.16519394447705701,0.0,0.0,0.0,-8.23814468030441e-05,-0.00017874102900447894,-0.0003689694302277557,0.16556291390728478,-0.16556291390728478,0.16556291390728478
6.05,0.16520768837240865,-0.16546623196165314,0.16492393065978922,0.0,0.0,0.0,-8.15678259384538e-05,-0.0001769757633060322,-0.00036532553855790173,0.1652892561983471,-0.1652892561983471,0.1652892561983471
6.0600000000000005,0.16493573808585282,-0.16519173245342106,0.16465477808977955,0.0,0.0,0.0,-8.076356431219222e-05,-0.0001752308032560436,-0.00036172356038545505,0.16501650165016502,-0.16501650165016502,0.16501650165016502
6.07,0.16466467725992393,-0.16491815168137322,0.1643864828533394,0.0,0.0,0.0,-7.996853908760481e-05,-0.00017350588236169287,-0.0003581629456721311,0.16474464579901152,-0.16474464579901152,0.16474464579901152
6.08,0.1643945015812876,-0.16464548494858447,0.1641190410580402,0.0,0.0,0.0,-7.918262923871929e-05,-0.00017180073805815103,-0.0003546431524861218,0.16447368421052633,-0.16447368421052633,0.16447368421052633
6.09,0.1641252067639539,-0.1643737275911189,0.16385244883260497,0.0,0.0,0.0,-7.84057155206388e-05,-0.00017011511164436216,-0.0003511636468695822,0.16420361247947454,-0.16420361247947454,0.16420361247947454
6.1000000000000005,0.1638567885490677,-0.16410287497772816,0.1635867023267997,0.0,0.0,0.0,-7.763768044046797e-05,-0.00016844874821997523,-0.00034772390270849485,0.16393442622950818,-0.16393442622950818,0.16393442622950818
6.11,0.16358924270470085,-0.16383292250955303,0.16332179771132474,0.0,0.0,0.0,-7.687840822875877e-05,-0.0001668013966234089,-0.00034432340160486796,0.1636661211129296,-0.1636661211129296,0.1636661211129296
6.12,0.16332256502564604,-0.16356386561982855,0.1630577311777063,0.0,0.0,0.0,-7.612778481146844e-05,-0.0001651728093710224,-0.00034096163275121463,0.16339869281045752,-0.16339869281045752,0.16339869281045752
6.13,0.16305675133321268,-0.16329569977359248,0.16279449893818781,0.0,0.0,0.0,-7.538569778241771e-05,-0.00016356274259737448,-0.0003376380928072801,0.1631321370309951,-0.1631321370309951,0.1631321370309951
6.140000000000001,0.1627917974750244,-0.16302842046739718,0.16253209722562167,0.0,0.0,0.0,-7.465203637624112e-05,-0.00016197095599654736,-0.00033435228577896484,0.16286644951140064,-0.16286644951140064,0.16286644951140064
6.15,0.16252769932481834,-0.16276202322902467,0.16227052229336075,0.0,0.0,0.0,-7.392669144181852e-05,-0.00016039721276451632,-0.0003311037228994026,0.16260162601626016,-0.16260162601626016,0.16260162601626016
6.16,0.16226445278224616,-0.16249650361720488,0.1620097704151502,0.0,0.0,0.0,-7.320955541617915e-05,-0.00015884127954254277,-0.0003278919225121529,0.16233766233766234,-0.16233766233766234,0.16233766233766234
6.17,0.16200205377267682,-0.16223185722133726,0.16174983788501923,0.0,0.0,0.0,-7.250052229886904e-05,-0.00015730292636157318,-0.0003247164099564672,0.1620745542949757,-0.1620745542949757,0.1620745542949757
6.18,0.16174049824700107,-0.16196807966121549,0.16149072101717327,0.0,0.0,0.0,-7.179948762677283e-05,-0.00015578192658762248,-0.0003215767174545876,0.16181229773462785,-0.16181229773462785,0.16181229773462785
6.19,0.16147978218143755,-0.16170516658675504,0.16123241614588588,0.0,0.0,0.0,-7.110634844938079e-05,-0.0001542780568681247,-0.00031847238400103755,0.16155088852988692,-0.16155088852988692,0.16155088852988692
6.2,0.16121990157734067,-0.16144311367772438,0.1609749196253913,0.0,0.0,0.0,-7.042100330449347e-05,-0.00015279109707923104,-0.00031540295525387166,0.16129032258064516,-0.16129032258064516,0.16129032258064516
6.21,0.16096085246101016,-0.16118191664347853,0.16071822782977666,0.0,0.0,0.0,-6.974335219435408e-05,-0.00015132083027403668,-0.00031236798342783816,0.1610305958132045,-0.1610305958132045,0.1610305958132045
6.22,0.16070263088350212,-0.16092157122269604,0.1604623371528749,0.0,0.0,0.0,-6.907329656220179e-05,-0.00014986704263172024,-0.00030936702718942666,0.1607717041800643,-0.1607717041800643,0.1607717041800643
6.23,0.16044523292044183,-0.16066207318311865,0.1602072440081573,0.0,0.0,0.0,-6.841073926923698e-05,-0.000148429523407577,-0.00030639965155375816,0.16051364365971107,-0.16051364365971107,0.16051364365971107
6.24,0.16018865467183824,-0.16040341832129418,0.15995294482862696,0.0,0.0,0.0,-6.77555845719911e-05,-0.0001470080648839295,-0.0003034654277832854,0.16025641025641024,-0.16025641025641024,0.16025641025641024
6.25,0.1599328922618999,-0.1601456024623219,0.15969943606671175,0.0,0.0,0.0,-6.710773810009316e-05,-0.00014560246232189715,-0.0003005639332882679,0.16,-0.16,0.16
6.26,0.15967794183885248,-0.1598886214596009,0.1594467141941579,0.0,0.0,0.0,-6.646710683442472e-05,-0.0001442125139140117,-0.0002976947515289873,0.1597444089456869,-0.1597444089456869,0.1597444089456869
6.2700000000000005,0.15942379957475802,-0.15963247119458135,0.159194775701924,0.0,0.0,0.0,-6.583359908565747e-05,-0.000142838020737659,-0.00029485747191967265,0.15948963317384368,-0.15948963317384368,0.15948963317384368
6.28,0.15917046166533574,-0.15937714757651825,0.15894361710007482,0.0,0.0,0.0,-6.520712447316455e-05,-0.00014147878670933345,-0.0002920516897340994,0.1592356687898089,-0.1592356687898089,0.1592356687898089
6.29,0.1589179243297841,-0.15912264654222807,0.15869323491767556,0.0,0.0,0.0,-6.458759390429911e-05,-0.0001401346185396881,-0.00028927700601283097,0.1589825119236884,-0.1589825119236884,0.1589825119236884
6.3,0.15866618381060468,-0.15886896405584808,0.15844362570268664,0.0,0.0,0.0,-6.397491955403355e-05,-0.00013880532568936814,-0.0002865330274720758,0.15873015873015872,-0.15873015873015872,0.15873015873015872
6.3100000000000005,0.15841523637342764,-0.1586160961085982,0.15819478602185846,0.0,0.0,0.0,-6.336901484495221e-05,-0.0001374907203256091,-0.0002838193664141233,0.15847860538827258,-0.15847860538827258,0.15847860538827258
6.32,0.1581650783068382,-0.1583640387185454,0.15794671246062647,0.0,0.0,0.0,-6.276979442759036e-05,-0.00013619061727958846,-0.0002811356406393341,0.1582278481012658,-0.1582278481012658,0.1582278481012658
6.33,0.15791570592220538,-0.15811278793037103,0.15769940162300686,0.0,0.0,0.0,-6.217717416111421e-05,-0.00013490483400451493,-0.0002784814733596507,0.1579778830963665,-0.1579778830963665,0.1579778830963665
6.34,0.15766711555351134,-0.1578623398151401,0.15745285013149207,0.0,0.0,0.0,-6.159107109433388e-05,-0.00013363319053444174,-0.00027585649311360415,0.15772870662460567,-0.15772870662460567,0.15772870662460567
6.3500000000000005,0.15741930355718287,-0.1576126904700737,0.15720705462694715,0.0,0.0,0.0,-6.101140344704502e-05,-0.00013237550944379014,-0.00027326033368278545,0.15748031496062992,-0.15748031496062992,0.15748031496062992
6.36,0.15717226631192402,-0.1573638360183233,0.15696201176850597,0.0,0.0,0.0,-6.043809059169059e-05,-0.00013113161580757148,-0.00027069263400975643,0.15723270440251572,-0.15723270440251572,0.15723270440251572
6.37,0.15692600021855022,-0.15711577260874784,0.1567177182334682,0.0,0.0,0.0,-5.987105303533912e-05,-0.00012990133716229082,-0.00026815303811736975,0.15698587127158556,-0.15698587127158556,0.15698587127158556
6.38,0.15668050169982375,-0.15686849641569325,0.15647417071719624,0.0,0.0,0.0,-5.93102124019717e-05,-0.00012868450346752413,-0.0002656411950294772,0.15673981191222572,-0.15673981191222572,0.15673981191222572
6.390000000000001,0.1564357672002907,-0.15662200363877393,0.1562313659330128,0.0,0.0,0.0,-5.8755491415072916e-05,-0.00012748094706815303,-0.00026315675869299326,0.15649452269170577,-0.15649452269170577,0.15649452269170577
6.4,0.15619179318611948,-0.15637629050265725,0.1559893006120987,0.0,0.0,0.0,-5.820681388052015e-05,-0.00012629050265724635,-0.0002606993879012973,0.15625,-0.15625,0.15625
6.41,0.15594857614494023,-0.15613135325684957,0.15574797150339106,0.0,0.0,0.0,-5.766410466976437e-05,-0.00012511300723957528,-0.0002582687462189385,0.15600624024961,-0.15600624024961,0.15600624024961
6.42,0.1557061125856861,-0.15588718817548514,0.15550737537348178,0.0,0.0,0.0,-5.7127289703298945e-05,-0.0001239483000957519,-0.00025586450190763044,0.1557632398753894,-0.1557632398753894,0.1557632398753894
6.43,0.15546439903843573,-0.1556437915571171,0.15526750900651665,0.0,0.0,0.0,-5.659629593440976e-05,-0.00012279622274697868,-0.0002534863278535039,0.15552099533437014,-0.15552099533437014,0.15552099533437014
6.44,0.15522343205425684,-0.15540115972451043,0.15502836920409446,0.0,0.0,0.0,-5.6071051333201415e-05,-0.00012165661892039695,-0.00025113390149559715,0.15527950310559005,-0.15527950310559005,0.15527950310559005
6.45,0.15498320820505157,-0.1551592890244375,0.1547899527851669,0.0,0.0,0.0,-5.5551484870895405e-05,-0.00012052933451502428,-0.00024880690475556167,0.15503875968992248,-0.15503875968992248,0.15503875968992248
6.46,0.15474372408340273,-0.1549181758274754,0.15455225658593857,0.0,0.0,0.0,-5.503752650439403e-05,-0.00011941421756826984,-0.00024650502396855766,0.15479876160990713,-0.15479876160990713,0.15479876160990713
6.47,0.15450497630242158,-0.1546778165278057,0.15431527745976736,0.0,0.0,0.0,-5.4529107161106004e-05,-0.00011831111822301567,-0.0002442279498153213,0.1545595054095827,-0.1545595054095827,0.1545595054095827
6.48,0.15426696149559696,-0.15443820754301624,0.1540790122770656,0.0,0.0,0.0,-5.402615872402868e-05,-0.00011721988869525559,-0.00024197537725537965,0.15432098765432098,-0.15432098765432098,0.15432098765432098
6.49,0.15402967631664546,-0.15419934531390483,0.15384345792520115,0.0,0.0,0.0,-5.352861401708184e-05,-0.00011614038324228037,-0.00023974700546139306,0.15408320493066255,-0.15408320493066255,0.15408320493066255
6.5,0.15379311743936316,-0.15396122630428524,0.15360861130839926,0.0,0.0,0.0,-5.303640679068895e-05,-0.00011507245813139758,-0.00023754253775460244,0.15384615384615385,-0.15384615384615385,0.15384615384615385
6.51,0.15355728155747828,-0.15372384700079506,0.1533744693476445,0.0,0.0,0.0,-5.254947170760077e-05,-0.00011401597160917996,-0.00023536168154136562,0.15360983102918588,-0.15360983102918588,0.15360983102918588
6.5200000000000005,0.1533221653845054,-0.1534872039127056,0.1531410289805836,0.0,0.0,0.0,-5.206774432895768e-05,-0.00011297078387122887,-0.0002332041482507562,0.15337423312883436,-0.15337423312883436,0.15337423312883436
6.53,0.15308776565360077,-0.1532512935717338,0.15290828716142815,0.0,0.0,0.0,-5.159116110058547e-05,-0.00011193675703244604,-0.000231069653273213,0.15313935681470137,-0.15313935681470137,0.15313935681470137
6.54,0.15285407911741888,-0.1530161125318562,0.15267624086085818,0.0,0.0,0.0,-5.111965933952082e-05,-0.00011091375509780235,-0.00022895791590021468,0.1529051987767584,-0.1529051987767584,0.1529051987767584
6.55,0.1526211025479701,-0.15278165736912444,0.15244488706592588,0.0,0.0,0.0,-5.065317722076219e-05,-0.00010990164393359689,-0.00022686865926496296,0.15267175572519084,-0.15267175572519084,0.15267175572519084
6.5600000000000005,0.15238883273647966,-0.1525479246814831,0.15221422277995983,0.0,0.0,0.0,-5.019165376424192e-05,-0.00010890029123919417,-0.00022480161028405761,0.1524390243902439,-0.1524390243902439,0.1524390243902439
6.57,0.15215726649324798,-0.15231491108858924,0.15198424502246985,0.0,0.0,0.0,-4.973502882201593e-05,-0.000107909566519235,-0.00022275649960014484,0.15220700152207,-0.15220700152207,0.15220700152207
6.58,0.15192640064751184,-0.1520826132316338,0.151754950829052,0.0,0.0,0.0,-4.9283243065666263e-05,-0.00010692934105630759,-0.0002207330615255165,0.1519756838905775,-0.1519756838905775,0.1519756838905775
6.59,0.1516962320473068,-0.1518510277731648,0.15152633725129408,0.0,0.0,0.0,-4.88362379739134e-05,-0.00010595948788407459,-0.00021873103398665136,0.15174506828528073,-0.15174506828528073,0.15174506828528073
6.6000000000000005,0.15146675755933106,-0.15162015139691234,0.15129840135668182,0.0,0.0,0.0,-4.839395582043405e-05,-0.00010499988176084604,-0.00021675015846967432,0.1515151515151515,-0.1515151515151515,0.1515151515151515
6.61,0.15123797406881012,-0.1513899808076156,0.15107114022850526,0.0,0.0,0.0,-4.79563396618812e-05,-0.00010405039914359,-0.00021479017996672048,0.151285930408472,-0.151285930408472,0.151285930408472
6.62,0.1510098784793627,-0.15116051273085118,0.15084455096576563,0.0,0.0,0.0,-4.752333332610195e-05,-0.00010311091816237279,-0.00021285084692318536,0.1510574018126888,-0.1510574018126888,0.1510574018126888
6.63,0.1507824677128679,-0.15093174391286368,0.15061863068308262,0.0,0.0,0.0,-4.709488140055043e-05,-0.00010218131859522327,-0.00021093191118584908,0.15082956259426847,-0.15082956259426847,0.15082956259426847
6.640000000000001,0.1505557387093333,-0.15070367112039762,0.15039337651060236,0.0,0.0,0.0,-4.6670929220891956e-05,-0.00010126148184340998,-0.00020903312795185412,0.1506024096385542,-0.1506024096385542,0.1506024096385542
6.65,0.15032968842676425,-0.15047629114053118,0.15016878559390553,0.0,0.0,0.0,-4.625142285979475e-05,-0.0001003512909071271,-0.0002071542557185257,0.15037593984962405,-0.15037593984962405,0.15037593984962405
6.66,0.15010431384103426,-0.15024960078051172,0.14994485509391614,0.0,0.0,0.0,-4.5836309115906116e-05,-9.945063036157954e-05,-0.00020529505623401482,0.15015015015015015,-0.15015015015015015,0.15015015015015015
6.67,0.14987961194575636,-0.15002359686759284,0.14972158218681061,0.0,0.0,0.0,-4.542553550300986e-05,-9.855938633346094e-05,-0.00020345529444875507,0.14992503748125938,-0.14992503748125938,0.14992503748125938
6.68,0.14965557975215588,-0.14979827624887304,0.14949896406392751,0.0,0.0,0.0,-4.501905023936142e-05,-9.767744647781794e-05,-0.00020163473846771367,0.14970059880239522,-0.14970059880239522,0.14970059880239522
6.69,0.14943221428894365,-0.14957363579113614,0.14927699793167742,0.0,0.0,0.0,-4.461680223719767e-05,-9.680469995529295e-05,-0.0001998331595034242,0.14947683109118085,-0.14947683109118085,0.14947683109118085
6.7,0.14920951260219115,-0.1493496723806933,0.14905568101145378,0.0,0.0,0.0,-4.421874109241864e-05,-9.59410374097394e-05,-0.00019805033182978909,0.14925373134328357,-0.14925373134328357,0.14925373134328357
6.71,0.14898747175520574,-0.14912638292322639,0.14883501053954354,0.0,0.0,0.0,-4.3824817074437046e-05,-9.508635094620232e-05,-0.00019628603273663458,0.14903129657228018,-0.14903129657228018,0.14903129657228018
6.72,0.1487660888284076,-0.14890376434363306,0.1486149837670388,0.0,0.0,0.0,-4.343498111619395e-05,-9.42405341092577e-05,-0.00019454004248500699,0.1488095238095238,-0.1488095238095238,0.1488095238095238
6.73,0.14854536091920756,-0.1486818135858736,0.1483955979597487,0.0,0.0,0.0,-4.304918480433681e-05,-9.340348186170494e-05,-0.00019281214426319785,0.1485884101040119,-0.1485884101040119,0.1485884101040119
6.74,0.14832528514188562,-0.14846052761281878,0.1481768503981117,0.0,0.0,0.0,-4.2667380369557144e-05,-9.257509056360599e-05,-0.00019110212414348262,0.14836795252225518,-0.14836795252225518,0.14836795252225518
6.75,0.14810585862747105,-0.1482399034060998,0.14795873837710857,0.0,0.0,0.0,-4.228952067708514e-05,-9.175525795166359e-05,-0.00018940977103956165,0.14814814814814814,-0.14814814814814814,0.14814814814814814
6.76,0.1478870785236229,-0.14801993796595916,0.14774125920617556,0.0,0.0,0.0,-4.191555921733826e-05,-9.094388311893487e-05,-0.00018773487666469125,0.14792899408284024,-0.14792899408284024,0.14792899408284024
6.7700000000000005,0.14766894199451183,-0.1478006283111034,0.14752441020911805,0.0,0.0,0.0,-4.15454500967212e-05,-9.014086649487276e-05,-0.00018607723549049303,0.14771048744460855,-0.14771048744460855,0.14771048744460855
6.78,0.147451446220703,-0.14758197147855726,0.14730818872402512,0.0,0.0,0.0,-4.117914802857493e-05,-8.934610982569045e-05,-0.00018443664470642728,0.14749262536873156,-0.14749262536873156,0.14749262536873156
6.79,0.1472345883990395,-0.14736396452351883,0.14709259210318384,0.0,0.0,0.0,-4.081660832427106e-05,-8.855951615504187e-05,-0.0001828129041799214,0.14727540500736377,-0.14727540500736377,0.14727540500736377
6.8,0.14701836574252733,-0.1471466045192168,0.14687761771299462,0.0,0.0,0.0,-4.045778688445045e-05,-8.77809898050145e-05,-0.00018120581641714102,0.14705882352941177,-0.14705882352941177,0.14705882352941177
6.8100000000000005,0.14680277548022072,-0.14692988855676856,0.14666326293388673,0.0,0.0,0.0,-4.010264019040239e-05,-8.701043635742703e-05,-0.00017961518652439033,0.14684287812041114,-0.14684287812041114,0.14684287812041114
6.82,0.1465878148571091,-0.1467138137450401,0.14644952516023454,0.0,0.0,0.0,-3.975112529558263e-05,-8.624776263542853e-05,-0.00017804082217013614,0.14662756598240467,-0.14662756598240467,0.14662756598240467
6.83,0.1463734811340041,-0.14649837721050676,0.14623640180027375,0.0,0.0,0.0,-3.940319981726701e-05,-8.549287668539191e-05,-0.00017648253354763698,0.14641288433382138,-0.14641288433382138,0.14641288433382138
6.84,0.14615977158742838,-0.14628357609711581,0.14602389027601853,0.0,0.0,0.0,-3.905882192833917e-05,-8.474568775909812e-05,-0.00017494013333817332,0.14619883040935672,-0.14619883040935672,0.14619883040935672
6.8500000000000005,0.1459466835095048,-0.1460694075661502,0.14581198802317913,0.0,0.0,0.0,-3.871795034920981e-05,-8.40061062962047e-05,-0.00017341343667486614,0.145985401459854,-0.145985401459854,0.145985401459854
6.86,0.1457342142078467,-0.14585586879609355,0.1456006924910795,0.0,0.0,0.0,-3.838054433986456e-05,-8.327404390699553e-05,-0.00017190226110707212,0.14577259475218657,-0.14577259475218657,0.14577259475218657
6.87,0.14552236100544913,-0.14564295698249657,0.14539000114257583,0.0,0.0,0.0,-3.804656369203908e-05,-8.254941335540416e-05,-0.0001704064265653468,0.14556040756914118,-0.14556040756914118,0.14556040756914118
6.88,0.14531112124058082,-0.14543066933784465,0.14517991145397538,0.0,0.0,0.0,-3.771596872151859e-05,-8.183212854230889e-05,-0.0001689257553269672,0.14534883720930233,-0.14534883720930233,0.14534883720930233
6.890000000000001,0.145100492266677,-0.14521900309142668,0.14497042091495557,0.0,0.0,0.0,-3.738872026055992e-05,-8.11221044890927e-05,-0.00016746007198200052,0.14513788098693758,-0.14513788098693758,0.14513788098693758
6.9,0.14489047145223363,-0.14500795548920553,0.14476152702848416,0.0,0.0,0.0,-3.706477965043426e-05,-8.041925732146487e-05,-0.00016600920339991462,0.14492753623188406,-0.14492753623188406,0.14492753623188406
6.91,0.1446810561807015,-0.14479752379368913,0.14455322731073889,0.0,0.0,0.0,-3.6744108734087434e-05,-7.972350425353859e-05,-0.0001645729786967138,0.1447178002894356,-0.1447178002894356,0.1447178002894356
6.92,0.14447224385038232,-0.14458770528380338,0.14434551929102862,0.0,0.0,0.0,-3.64266698489173e-05,-7.903476357216119e-05,-0.00016315122920259963,0.14450867052023122,-0.14450867052023122,0.14450867052023122
6.93,0.14426403187432466,-0.14437849725476581,0.14413840051171417,0.0,0.0,0.0,-3.611242581966459e-05,-7.835295462149215e-05,-0.00016174378843013943,0.14430014430014432,-0.14430014430014432,0.14430014430014432
6.94,0.14405641768022148,-0.14416989701796074,0.14393186852812997,0.0,0.0,0.0,-3.580133995141657e-05,-7.767799778782394e-05,-0.00016035049204293945,0.1440922190201729,-0.1440922190201729,0.1440922190201729
6.95,0.14384939871030822,-0.14396190190081556,0.1437259209085061,0.0,0.0,0.0,-3.549337602272081e-05,-7.70098144846434e-05,-0.00015897117782481127,0.14388489208633093,-0.14388489208633093,0.14388489208633093
6.96,0.14364297242126142,-0.14375450924667815,0.1435205552338908,0.0,0.0,0.0,-3.518849827880728e-05,-7.634832713792707e-05,-0.00015760568564942318,0.14367816091954022,-0.14367816091954022,0.14367816091954022
6.97,0.14343713628409874,-0.14354771641469533,0.14331576909807323,0.0,0.0,0.0,-3.488667142491728e-05,-7.569345917166886e-05,-0.00015625385745042975,0.14347202295552366,-0.14347202295552366,0.14347202295552366
6.98,0.1432318877840794,-0.14334152077969275,0.14311156010750706,0.0,0.0,0.0,-3.4587860619736845e-05,-7.504513499363388e-05,-0.00015491553719206887,0.14326647564469913,-0.14326647564469913,0.14326647564469913
6.99,0.14302722442060545,-0.14313591973205572,0.14290792588123416,0.0,0.0,0.0,-3.429203146893333e-05,-7.440327998133672e-05,-0.00015359057084022201,0.14306151645207438,-0.14306151645207438,0.14306151645207438
7.0,0.14282314370712407,-0.1429309106776111,0.14270486405080893,0.0,0.0,0.0,-3.39991500187931e-05,-7.376782046823819e-05,-0.00015227880633392475,0.14285714285714285,-0.14285714285714285,0.14285714285714285
7.01,0.14261964317103037,-0.14272649103751048,0.142502372260223,0.0,0.0,0.0,-3.370918274995864e-05,-7.31386837301585e-05,-0.00015098009355732475,0.14265335235378032,-0.14265335235378032,0.14265335235378032
7.0200000000000005,0.1424167203535712,-0.14252265824811436,0.14230044816583037,0.0,0.0,0.0,-3.3422096571263504e-05,-7.251579797190258e-05,-0.00014969428431207634,0.14245014245014245,-0.14245014245014245,0.14245014245014245
7.03,0.1422143728097496,-0.14231940976087737,0.1420990894362731,0.0,0.0,0.0,-3.3137858813663446e-05,-7.189909231409376e-05,-0.00014842123229016652,0.14224751066856328,-0.14224751066856328,0.14224751066856328
7.04,0.1420125981082303,-0.14211674304223476,0.1418982937524074,0.0,0.0,0.0,-3.2856437224262e-05,-7.128849678021181e-05,-0.00014716079304716209,0.14204545454545456,-0.14204545454545456,0.14204545454545456
7.05,0.14181139383124525,-0.1419146555734895,0.1416980588072298,0.0,0.0,0.0,-3.2577799960428625e-05,-7.068394228383385e-05,-0.00014591282397587475,0.14184397163120568,-0.14184397163120568,0.14184397163120568
7.0600000000000005,0.14161075757450098,-0.14171314485070105,0.14149838230580455,0.0,0.0,0.0,-3.230191558400877e-05,-7.008536061607192e-05,-0.00014467718428043337,0.141643059490085,-0.141643059490085,0.141643059490085
7.07,0.1414106869470858,-0.14151220838457465,0.1412992619651907,0.0,0.0,0.0,-3.202875305562324e-05,-6.949268443320626e-05,-0.00014345373495075952,0.14144271570014144,-0.14144271570014144,0.14144271570014144
7.08,0.1412111795713783,-0.14131184370035185,0.1411006955143699,0.0,0.0,0.0,-3.175828172905589e-05,-6.890584724450932e-05,-0.0001422423387374364,0.14124293785310735,-0.14124293785310735,0.14124293785310735
7.09,0.1410122330829561,-0.1411120483377021,0.14090268069417486,0.0,0.0,0.0,-3.149047134572818e-05,-6.832478340025874e-05,-0.00014104286012696756,0.14104372355430184,-0.14104372355430184,0.14104372355430184
7.1000000000000005,0.14081384513050593,-0.14091281985061513,0.14070521525721777,0.0,0.0,0.0,-3.122529202925894e-05,-6.774942807993456e-05,-0.00013985516531741715,0.1408450704225352,-0.1408450704225352,0.1408450704225352
7.11,0.14061601337573396,-0.14071415580729466,0.14050829696781963,0.0,0.0,0.0,-3.096271428010819e-05,-6.717971728059915e-05,-0.00013867912219442583,0.14064697609001406,-0.14064697609001406,0.14064697609001406
7.12,0.1404187354932769,-0.14051605379005266,0.14031192360193961,0.0,0.0,0.0,-3.070270897030298e-05,-6.66155878054551e-05,-0.00013751460030759453,0.1404494382022472,-0.1404494382022472,0.1404494382022472
7.13,0.14022200917061406,-0.1403185113952049,0.1401160929471051,0.0,0.0,0.0,-3.0445247338244775e-05,-6.605697725258003e-05,-0.0001363614708472334,0.1402524544179523,-0.1402524544179523,0.1402524544179523
7.140000000000001,0.14002583210798,-0.14012152623296742,0.13992080280234212,0.0,0.0,0.0,-3.019030098359643e-05,-6.550382400383344e-05,-0.00013521960662146588,0.1400560224089636,-0.1400560224089636,0.1400560224089636
7.15,0.1398302020182776,-0.13992509592735378,0.13972605097810617,0.0,0.0,0.0,-2.9937841862247253e-05,-6.495606721393434e-05,-0.0001340888820336844,0.13986013986013984,-0.13986013986013984,0.13986013986013984
7.16,0.13963511662699238,-0.13972921811607344,0.13953183529621338,0.0,0.0,0.0,-2.9687842281355646e-05,-6.441364679970526e-05,-0.00013296917306035119,0.13966480446927373,-0.13966480446927373,0.13966480446927373
7.17,0.13944057367210694,-0.13953389045043088,0.13933815358977225,0.0,0.0,0.0,-2.9440274894467008e-05,-6.387650342948157e-05,-0.00013186035722913793,0.1394700139470014,-0.1394700139470014,0.1394700139470014
7.18,0.1392465709040164,-0.13933911059522577,0.1391450037031157,0.0,0.0,0.0,-2.9195112696706538e-05,-6.334457851268164e-05,-0.00013076231359739984,0.1392757660167131,-0.1392757660167131,0.1392757660167131
7.19,0.1390531060854445,-0.13914487622865407,0.13895238349173356,0.0,0.0,0.0,-2.8952329020045207e-05,-6.281781418953665e-05,-0.000129674922730977,0.13908205841446453,-0.13908205841446453,0.13908205841446453
7.2,0.13886017699136025,-0.13895118504220988,0.13876029082220556,0.0,0.0,0.0,-2.8711897528637827e-05,-6.229615332097636e-05,-0.00012859806668331946,0.1388888888888889,-0.1388888888888889,0.1388888888888889
7.21,0.13866778140889532,-0.13875803474058823,0.13856872357213462,0.0,0.0,0.0,-2.8473792214231803e-05,-6.17795394786688e-05,-0.00012753162897492814,0.13869625520110956,-0.13869625520110956,0.13869625520110956
7.22,0.1384759171372621,-0.13856542304158895,0.13837767963008063,0.0,0.0,0.0,-2.8237987391645982e-05,-6.126791693521104e-05,-0.00012647549457310954,0.13850415512465375,-0.13850415512465375,0.13850415512465375
7.23,0.13828458198767218,-0.13837334767602097,0.13818715689549446,0.0,0.0,0.0,-2.8004457694317533e-05,-6.076123065446877e-05,-0.00012542954987203564,0.1383125864453665,-0.1383125864453665,0.1383125864453665
7.24,0.13809377378325605,-0.13818180638760805,0.13799715327865286,0.0,0.0,0.0,-2.7773178069916874e-05,-6.02594262820621e-05,-0.00012439368267310724,0.13812154696132597,-0.13812154696132597,0.13812154696132597
7.25,0.13790349035898258,-0.13799079693289462,0.137807666700593,0.0,0.0,0.0,-2.7544123776028133e-05,-5.976245013599538e-05,-0.00012336778216561294,0.13793103448275862,-0.13793103448275862,0.13793103448275862
7.26,0.13771372956158004,-0.13780031708115337,0.13761869509304825,0.0,0.0,0.0,-2.731727037589562e-05,-5.92702491974278e-05,-0.0001223517389076807,0.13774104683195593,-0.13774104683195593,0.13774104683195593
7.2700000000000005,0.13752448924945695,-0.13761036461429277,0.13743023639838367,0.0,0.0,0.0,-2.7092593734233793e-05,-5.878277110158434e-05,-0.00012134544480751637,0.1375515818431912,-0.1375515818431912,0.1375515818431912
7.28,0.13733576729262426,-0.13742093732676616,0.1372422885695324,0.0,0.0,0.0,-2.687007001310074e-05,-5.829996412880235e-05,-0.00012034879310492491,0.13736263736263735,-0.13736263736263735,0.13736263736263735
7.29,0.13714756157261748,-0.13723203302548104,0.13705484956993222,0.0,0.0,0.0,-2.664967566783349e-05,-5.782177719571342e-05,-0.00011936167835310905,0.13717421124828533,-0.13717421124828533,0.13717421124828533
7.3,0.13695986998241996,-0.13704364952970957,0.13686791737346227,0.0,0.0,0.0,-2.6431387443044297e-05,-5.7348159846557635e-05,-0.00011838399640074141,0.136986301369863,-0.136986301369863,0.136986301369863
7.3100000000000005,0.13677269042638646,-0.13685578467099976,0.13668148996438081,0.0,0.0,0.0,-2.6215182368677314e-05,-5.687906224462779e-05,-0.00011741564437430565,0.13679890560875513,-0.13679890560875513,0.13679890560875513
7.32,0.13658602082016735,-0.13666843629308734,0.1364955653372628,0.0,0.0,0.0,-2.6001037756123854e-05,-5.641443516384207e-05,-0.00011645652066070196,0.13661202185792348,-0.13661202185792348,0.13661202185792348
7.33,0.1363998590906337,-0.13648160225180855,0.136310141496938,0.0,0.0,0.0,-2.5788931194396173e-05,-5.595422998044236e-05,-0.0001155065248901117,0.1364256480218281,-0.1364256480218281,0.1364256480218281
7.34,0.13621420317580243,-0.1362952804150136,0.13612521645842968,0.0,0.0,0.0,-2.557884054635801e-05,-5.549839866481682e-05,-0.00011456555791911982,0.1362397820163488,-0.1362397820163488,0.1362397820163488
7.3500000000000005,0.13602905102476245,-0.13610946866248091,0.13594078824689337,0.0,0.0,0.0,-2.537074394501161e-05,-5.504689377344429e-05,-0.00011363352181408699,0.13605442176870747,-0.13605442176870747,0.13605442176870747
7.36,0.13584440059760144,-0.13592416488583225,0.13575685489755654,0.0,0.0,0.0,-2.5164619789840132e-05,-5.45996684409589e-05,-0.00011271031983477083,0.1358695652173913,-0.1358695652173913,0.1358695652173913
7.37,0.13566024986533276,-0.1357393669884483,0.1355734144556578,0.0,0.0,0.0,-2.4960446743204e-05,-5.4156676372332296e-05,-0.00011179585641819,0.13568521031207598,-0.13568521031207598,0.13568521031207598
7.38,0.13547659680982335,-0.13555507288538532,0.13539046497638743,0.0,0.0,0.0,-2.4758203726791316e-05,-5.371787183517217e-05,-0.00011089003716272779,0.13550135501355015,-0.13550135501355015,0.13550135501355015
7.390000000000001,0.13529343942372193,-0.1353712805032922,0.1352080045248276,0.0,0.0,0.0,-2.455786991812052e-05,-5.3283209652135284e-05,-0.0001099927688124719,0.13531799729364005,-0.13531799729364005,0.13531799729364005
7.4,0.13511077571038801,-0.13518798778032856,0.13502603117589332,0.0,0.0,0.0,-2.4359424747095218e-05,-5.285264519345257e-05,-0.00010910395924178644,0.13513513513513511,-0.13513513513513511,0.13513513513513511
7.41,0.13492860368382129,-0.13500519266608346,0.1348445430142738,0.0,0.0,0.0,-2.4162847892609697e-05,-5.242613436956469e-05,-0.00010822351744011133,0.1349527665317139,-0.1349527665317139,0.1349527665317139
7.42,0.1347469213685914,-0.13482289312149448,0.13466353813437362,0.0,0.0,0.0,-2.3968119279204574e-05,-5.200363362386685e-05,-0.00010735135349698656,0.1347708894878706,-0.1347708894878706,0.1347708894878706
7.43,0.13456572679976878,-0.1346410871187681,0.13448301464025525,0.0,0.0,0.0,-2.3775219073772112e-05,-5.158509992556038e-05,-0.00010648737858729815,0.13458950201884254,-0.13458950201884254,0.13458950201884254
7.44,0.13438501802285532,-0.13445977264130024,0.1343029706455809,0.0,0.0,0.0,-2.358412768230965e-05,-5.117049076260948e-05,-0.0001056315049567402,0.13440860215053763,-0.13440860215053763,0.13440860215053763
7.45,0.13420479309371636,-0.13427894768359788,0.1341234042735556,0.0,0.0,0.0,-2.3394825746721265e-05,-5.075976413480197e-05,-0.00010478364590749161,0.1342281879194631,-0.1342281879194631,0.1342281879194631
7.46,0.1340250500785125,-0.13409861025120107,0.13394431365687007,0.0,0.0,0.0,-2.320729414166594e-05,-5.03528785469117e-05,-0.00010394371578410341,0.13404825737265416,-0.13404825737265416,0.13404825737265416
7.47,0.1338457870536323,-0.1339187583606057,0.13376569693764415,0.0,0.0,0.0,-2.30215139714524e-05,-4.9949793001961486e-05,-0.00010311162995959249,0.13386880856760375,-0.13386880856760375,0.13386880856760375
7.48,0.13366700210562552,-0.13373939003918708,0.13358755226737076,0.0,0.0,0.0,-2.283746656697924e-05,-4.955046699458458e-05,-0.0001022873048217396,0.1336898395721925,-0.1336898395721925,0.1336898395721925
7.49,0.13348869333113678,-0.13356050332512398,0.1334098778068599,0.0,0.0,0.0,-2.265513348271997e-05,-4.915486050448377e-05,-0.00010147065775958823,0.13351134846461948,-0.13351134846461948,0.13351134846461948
7.5,0.13331085883683957,-0.1333820962673233,0.1332326717261832,0.0,0.0,0.0,-2.2474496493751892e-05,-4.876293398998526e-05,-0.00010066160715013975,0.13333333333333333,-0.13333333333333333,0.13333333333333333
7.51,0.13313349673937122,-0.13320416692534576,0.1330559322046188,0.0,0.0,0.0,-2.229553759282866e-05,-4.837464838168762e-05,-9.986007234524344e-05,0.13315579227696406,-0.13315579227696406,0.13315579227696406
7.5200000000000005,0.13295660516526783,-0.13302671336933153,0.13287965743059663,0.0,0.0,0.0,-2.2118238987495284e-05,-4.798996507620238e-05,-9.906597365867811e-05,0.13297872340425532,-0.13297872340425532,0.13297872340425532
7.53,0.1327801822509001,-0.13284973367992733,0.13270384560164392,0.0,0.0,0.0,-2.1942583097245294e-05,-4.760884592998661e-05,-9.827923235342079e-05,0.13280212483399734,-0.13280212483399734,0.13280212483399734
7.54,0.1326042261424095,-0.13267322594821349,0.13252849492433114,0.0,0.0,0.0,-2.1768552550719117e-05,-4.723125325326448e-05,-9.749977062910074e-05,0.13262599469496023,-0.13262599469496023,0.13262599469496023
7.55,0.1324287349956449,-0.13249718827563187,0.1323536036142182,0.0,0.0,0.0,-2.1596130182943118e-05,-4.685714980403752e-05,-9.67275116096364e-05,0.13245033112582782,-0.13245033112582782,0.13245033112582782
7.5600000000000005,0.13225370697609967,-0.13232161877391446,0.13217916989580122,0.0,0.0,0.0,-2.142529903260887e-05,-4.6486498782181344e-05,-9.596237933105032e-05,0.13227513227513227,-0.13227513227513227,0.13227513227513227
7.57,0.1320791402588495,-0.13214651556501253,0.13200519200245941,0.0,0.0,0.0,-2.125604233939166e-05,-4.61192638236286e-05,-9.520429872946211e-05,0.1321003963011889,-0.1321003963011889,0.1321003963011889
7.58,0.13190503302849035,-0.1319718767810263,0.1318316681764024,0.0,0.0,0.0,-2.108834354130778e-05,-4.575540899463494e-05,-9.445319562925323e-05,0.13192612137203166,-0.13192612137203166,0.13192612137203166
7.59,0.13173138347907704,-0.13179770056413528,0.13165859666861773,0.0,0.0,0.0,-2.092218627211e-05,-4.539489878612869e-05,-9.370899673140449e-05,0.13175230566534915,-0.13175230566534915,0.13175230566534915
7.6000000000000005,0.13155818981406234,-0.1316239850665292,0.13148597573881904,0.0,0.0,0.0,-2.075755435872072e-05,-4.503769810814195e-05,-9.29716296020001e-05,0.13157894736842105,-0.13157894736842105,0.13157894736842105
7.61,0.1313854502462365,-0.1314507284503395,0.1313138036553943,0.0,0.0,0.0,-2.0594431818702028e-05,-4.468377228432139e-05,-9.224102266089897e-05,0.1314060446780552,-0.1314060446780552,0.1314060446780552
7.62,0.13121316299766717,-0.13127792888757145,0.13114207869535435,0.0,0.0,0.0,-2.043280285776204e-05,-4.433308704651858e-05,-9.151710517056754e-05,0.13123359580052493,-0.13123359580052493,0.13123359580052493
7.63,0.1310413262996399,-0.13110558456003665,0.13097079914428214,0.0,0.0,0.0,-2.027265186729732e-05,-4.3985608529457625e-05,-9.079980722507405e-05,0.1310615989515072,-0.1310615989515072,0.1310615989515072
7.640000000000001,0.13086993839259897,-0.13093369365928642,0.1307999632962817,0.0,0.0,0.0,-2.011396342197032e-05,-4.364130326547971e-05,-9.008905973924007e-05,0.13089005235602094,-0.13089005235602094,0.13089005235602094
7.65,0.1306989975260887,-0.13076225438654537,0.13062956945392806,0.0,0.0,0.0,-1.995672227732173e-05,-4.330013817936267e-05,-8.938479443794837e-05,0.13071895424836602,-0.13071895424836602,0.13071895424836602
7.66,0.13052850195869523,-0.13059126495264586,0.13045961592821706,0.0,0.0,0.0,-1.9800913367416815e-05,-4.296208058321475e-05,-8.868694384560214e-05,0.13054830287206265,-0.13054830287206265,0.13054830287206265
7.67,0.13035844995798887,-0.13042072357796283,0.13029010103851565,0.0,0.0,0.0,-1.964652180252569e-05,-4.2627098171441615e-05,-8.799544127573724e-05,0.1303780964797914,-0.1303780964797914,0.1303780964797914
7.68,0.1301888398004665,-0.13025062849234914,0.13012102311251256,0.0,0.0,0.0,-1.9493532866836266e-05,-4.2295159015784577e-05,-8.731022082078023e-05,0.13020833333333334,-0.13020833333333334,0.13020833333333334
7.69,0.13001966977149484,-0.13008097793507148,0.12995238048616908,0.0,0.0,0.0,-1.9341932016200243e-05,-4.196623156043041e-05,-8.663121734195452e-05,0.13003901170351104,-0.13003901170351104,0.13003901170351104
7.7,0.12985093816525395,-0.12991177015474706,0.12978417150367053,0.0,0.0,0.0,-1.9191704875911017e-05,-4.164028461719014e-05,-8.5958366459329e-05,0.12987012987012986,-0.12987012987012986,0.12987012987012986
7.71,0.12968264328468107,-0.12974300340928036,0.12961639451737758,0.0,0.0,0.0,-1.9042837238513075e-05,-4.131728736074661e-05,-8.529160454200826e-05,0.1297016861219196,-0.1297016861219196,0.1297016861219196
7.72,0.12951478344141507,-0.12957467596580066,0.12944904788777822,0.0,0.0,0.0,-1.8895315061642626e-05,-4.099720932396957e-05,-8.463086869846265e-05,0.1295336787564767,-0.1295336787564767,0.1295336787564767
7.73,0.1293473569557411,-0.12940678610060027,0.12928212998344,0.0,0.0,0.0,-1.87491244658989e-05,-4.068002039329721e-05,-8.39760967669951e-05,0.129366106080207,-0.129366106080207,0.129366106080207
7.74,0.12918036215653597,-0.1292393320990729,0.1291156391809624,0.0,0.0,0.0,-1.860425173274554e-05,-4.036569080418304e-05,-8.332722730634311e-05,0.12919896640826872,-0.12919896640826872,0.12919896640826872
7.75,0.12901379738121369,-0.12907231225565274,0.12894957386492972,0.0,0.0,0.0,-1.846068330244166e-05,-4.0054191136607125e-05,-8.268419958641338e-05,0.12903225806451613,-0.12903225806451613,0.12903225806451613
7.76,0.12884766097567132,-0.12890572487375396,0.12878393242786418,0.0,0.0,0.0,-1.831840577200213e-05,-3.974549231065117e-05,-8.20469535791478e-05,0.1288659793814433,-0.1288659793814433,0.1288659793814433
7.7700000000000005,0.1286819512942355,-0.12873956826571084,0.12861871327017918,0.0,0.0,0.0,-1.8177405893186668e-05,-3.943956558213518e-05,-8.141542994951809e-05,0.1287001287001287,-0.1287001287001287,0.1287001287001287
7.78,0.12851666669960943,-0.12857384075271827,0.1284539148001333,0.0,0.0,0.0,-1.8037670570517388e-05,-3.9136382538316696e-05,-8.078957004664731e-05,0.12853470437017994,-0.12853470437017994,0.12853470437017994
7.79,0.12835180556281975,-0.12840854066477272,0.12828953543378402,0.0,0.0,0.0,-1.7899186859324027e-05,-3.8835915093649656e-05,-8.016931589505629e-05,0.12836970474967907,-0.12836970474967907,0.12836970474967907
7.8,0.1281873662631644,-0.12824366634061382,0.1281255735949422,0.0,0.0,0.0,-1.7761941963816807e-05,-3.853813548560327e-05,-7.955461018603342e-05,0.12820512820512822,-0.12820512820512822,0.12820512820512822
7.8100000000000005,0.12802334718816047,-0.12807921612766618,0.12796202771512652,0.0,0.0,0.0,-1.7625923235186236e-05,-3.824301627053959e-05,-7.894539626912473e-05,0.12804097311139565,-0.12804097311139565,0.12804097311139565
7.82,0.12785974673349268,-0.12791518838198207,0.12779889623351867,0.0,0.0,0.0,-1.7491118169729792e-05,-3.795053031964894e-05,-7.834161814374473e-05,0.1278772378516624,-0.1278772378516624,0.1278772378516624
7.83,0.12769656330296209,-0.12775158146818405,0.1276361775969182,0.0,0.0,0.0,-1.735751440700446e-05,-3.766065081494192e-05,-7.774322045090335e-05,0.1277139208173691,-0.1277139208173691,0.1277139208173691
7.84,0.12753379530843525,-0.12758839375940856,0.12747387025969822,0.0,0.0,0.0,-1.7225099728005475e-05,-3.737335124529782e-05,-7.7150148465049e-05,0.12755102040816327,-0.12755102040816327,0.12755102040816327
7.8500000000000005,0.12737144116979376,-0.1274256236372497,0.1273119726837611,0.0,0.0,0.0,-1.709386205337026e-05,-3.708860540256806e-05,-7.656234808602585e-05,0.12738853503184713,-0.12738853503184713,0.12738853503184713
7.86,0.1272094993148841,-0.12726326949170344,0.12715048333849455,0.0,0.0,0.0,-1.696378944160755e-05,-3.680638737773417e-05,-7.597976583114321e-05,0.1272264631043257,-0.1272264631043257,0.1272264631043257
7.87,0.12704796817946792,-0.1271013297211124,0.12698940070072792,0.0,0.0,0.0,-1.6834870087351104e-05,-3.65266715571189e-05,-7.540234882735514e-05,0.12706480304955528,-0.12706480304955528,0.12706480304955528
7.88,0.12688684620717275,-0.12693980273211103,0.12682872325468883,0.0,0.0,0.0,-1.670709231963776e-05,-3.624943261865045e-05,-7.483004480354863e-05,0.12690355329949238,-0.12690355329949238,0.12690355329949238
7.890000000000001,0.12672613184944287,-0.12677868693957126,0.12666844949196013,0.0,0.0,0.0,-1.6580444600209452e-05,-3.597464552817843e-05,-7.426280208294013e-05,0.12674271229404308,-0.12674271229404308,0.12674271229404308
7.9,0.1265658235654908,-0.12661798076654848,0.12650857791143708,0.0,0.0,0.0,-1.645491552183872e-05,-3.5702285535841056e-05,-7.370056957557592e-05,0.12658227848101264,-0.12658227848101264,0.12658227848101264
7.91,0.12640591982224894,-0.1264576826442281,0.12634910701928467,0.0,0.0,0.0,-1.6330493806677472e-05,-3.543232817248252e-05,-7.314329677093797e-05,0.1264222503160556,-0.1264222503160556,0.1264222503160556
7.92,0.12624641909432163,-0.12629779101187238,0.1261900353288956,0.0,0.0,0.0,-1.6207168304628598e-05,-3.516474924612002e-05,-7.259093373065116e-05,0.12626262626262627,-0.12626262626262627,0.12626262626262627
7.930000000000001,0.12608731986393765,-0.12613830431676784,0.12603136136084808,0.0,0.0,0.0,-1.6084927991740083e-05,-3.48995248384599e-05,-7.204343108129142e-05,0.12610340479192939,-0.12610340479192939,0.12610340479192939
7.94,0.1259286206209029,-0.125979221014173,0.12587308364286423,0.0,0.0,0.0,-1.5963761968621394e-05,-3.4636631301461545e-05,-7.150074000729408e-05,0.12594458438287154,-0.12594458438287154,0.12594458438287154
7.95,0.1257703198625537,-0.12582053956726652,0.12571520070976863,0.0,0.0,0.0,-1.584365945888156e-05,-3.4376045253948766e-05,-7.096281224395888e-05,0.12578616352201258,-0.12578616352201258,0.12578616352201258
7.96,0.12561241609371,-0.12566225844709583,0.12555771110344702,0.0,0.0,0.0,-1.572460980758886e-05,-3.411774357826807e-05,-7.042960007055179e-05,0.12562814070351758,-0.12562814070351758,0.12562814070351758
7.97,0.1254549078266294,-0.12550437613252616,0.12540061337280567,0.0,0.0,0.0,-1.560660247975171e-05,-3.386170341699252e-05,-6.990105630350206e-05,0.12547051442910917,-0.12547051442910917,0.12547051442910917
7.98,0.12529779358096121,-0.1253468911101897,0.12524390607373034,0.0,0.0,0.0,-1.5489627058820308e-05,-3.360790216967123e-05,-6.937713428969213e-05,0.12531328320802004,-0.12531328320802004,0.12531328320802004
7.99,0.12514107188370097,-0.12518980187443582,0.12508758776904635,0.0,0.0,0.0,-1.5373673245209083e-05,-3.3356317489623523e-05,-6.885778789984007e-05,0.1251564455569462,-0.1251564455569462,0.1251564455569462
8.0,0.12498474126914516,-0.12503310692728078,0.12493165702847803,0.0,0.0,0.0,-1.5258730854839087e-05,-3.310692728077644e-05,-6.834297152197264e-05,0.125,-0.125,0.125
8.01,0.12482880027884646,-0.12487680477835872,0.12477611242860918,0.0,0.0,0.0,-1.5144789817700597e-05,-3.285970969454625e-05,-6.783264005498743e-05,0.12484394506866417,-0.12484394506866417,0.12484394506866417
8.02,0.1246732474615692,-0.1247208939448724,0.12462095255284333,0.0,0.0,0.0,-1.503184017643524e-05,-3.261464312676226e-05,-6.73267489023033e-05,0.12468827930174564,-0.12468827930174564,0.12468827930174564
8.03,0.12451808137324509,-0.12456537295154466,0.12446617599136443,0.0,0.0,0.0,-1.49198720849375e-05,-3.237170621463258e-05,-6.68252539655975e-05,0.12453300124533002,-0.12453300124533002,0.12453300124533002
8.040000000000001,0.12436330057692933,-0.12441024033057006,0.12431178134109767,0.0,0.0,0.0,-1.4808875806975299e-05,-3.213087783375134e-05,-6.632811163862797e-05,0.12437810945273631,-0.12437810945273631,0.12437810945273631
8.05,0.1242089036427572,-0.12425549462156718,0.1241577672056709,0.0,0.0,0.0,-1.4698841714829455e-05,-3.189213709514693e-05,-6.583527880114022e-05,0.12422360248447203,-0.12422360248447203,0.12422360248447203
8.06,0.12405488914790062,-0.12410113437153095,0.12400413219537572,0.0,0.0,0.0,-1.458976028795148e-05,-3.1655463342369756e-05,-6.534671281285657e-05,0.12406947890818858,-0.12406947890818858,0.12406947890818858
8.07,0.12390125567652528,-0.12394715813478555,0.12385087492712937,0.0,0.0,0.0,-1.4481622111639732e-05,-3.142083614862033e-05,-6.486237150754728e-05,0.12391573729863692,-0.12391573729863692,0.12391573729863692
8.08,0.12374800181974803,-0.12379356447293768,0.12369799402443658,0.0,0.0,0.0,-1.4374417875733546e-05,-3.118823531391574e-05,-6.438221318718242e-05,0.12376237623762376,-0.12376237623762376,0.12376237623762376
8.09,0.12359512617559454,-0.12364035195483015,0.1235454881173517,0.0,0.0,0.0,-1.4268138373324986e-05,-3.095764086229491e-05,-6.390619661616251e-05,0.12360939431396786,-0.12360939431396786,0.12360939431396786
8.1,0.1234426273489573,-0.12348751915649586,0.12339335584244117,0.0,0.0,0.0,-1.4162774499488117e-05,-3.072903303906144e-05,-6.343428101562771e-05,0.1234567901234568,-0.1234567901234568,0.1234567901234568
8.11,0.12329050395155393,-0.12333506466111202,0.12324159584274612,0.0,0.0,0.0,-1.4058317250025393e-05,-3.0502392308063822e-05,-6.296642605784365e-05,0.12330456226880396,-0.12330456226880396,0.12330456226880396
8.120000000000001,0.12313875460188567,-0.12318298705895492,0.12309020676774524,0.0,0.0,0.0,-1.395475772023101e-05,-3.0277699349012496e-05,-6.250259186066294e-05,0.1231527093596059,-0.1231527093596059,0.1231527093596059
8.13,0.12298737792519644,-0.12303128494735494,0.12293918727331804,0.0,0.0,0.0,-1.3852087103670982e-05,-3.0054935054832893e-05,-6.204273898206217e-05,0.12300123001230011,-0.12300123001230011,0.12300123001230011
8.14,0.12283637255343186,-0.12287995693065189,0.12278853602170808,0.0,0.0,0.0,-1.3750296690979524e-05,-2.983408052905426e-05,-6.158682841475151e-05,0.12285012285012284,-0.12285012285012284,0.12285012285012284
8.15,0.12268573712519881,-0.12272900162015071,0.12263825168148662,0.0,0.0,0.0,-1.3649377868671751e-05,-2.9615117083233513e-05,-6.11348215808571e-05,0.12269938650306748,-0.12269938650306748,0.12269938650306748
8.16,0.12253547028572516,-0.12257841763407755,0.12248833292751646,0.0,0.0,0.0,-1.3549322117972275e-05,-2.9398026234413976e-05,-6.068668032667567e-05,0.12254901960784313,-0.12254901960784313,0.12254901960784313
8.17,0.12238557068681988,-0.12242820359753614,0.12233877844091604,0.0,0.0,0.0,-1.3450121013659571e-05,-2.918278970261775e-05,-6.0242366917498294e-05,0.12239902080783353,-0.12239902080783353,0.12239902080783353
8.18,0.12223603698683332,-0.12227835814246461,0.12218958690902373,0.0,0.0,0.0,-1.3351766222925775e-05,-2.8969389408372298e-05,-5.9801844032504673e-05,0.12224938875305624,-0.12224938875305624,0.12224938875305624
8.19,0.12208686785061786,-0.12212887990759239,0.12204075702536238,0.0,0.0,0.0,-1.3254249504251768e-05,-2.8757807470269596e-05,-5.9365074759724986e-05,0.12210012210012211,-0.12210012210012211,0.12210012210012211
8.2,0.12193806194948884,-0.12197976753839769,0.12189228748960407,0.0,0.0,0.0,-1.3157562706297353e-05,-2.8548026202558246e-05,-5.893202259106965e-05,0.12195121951219513,-0.12195121951219513,0.12195121951219513
8.21,0.12178961796118568,-0.12183101968706525,0.12174417700753506,0.0,0.0,0.0,-1.3061697766806172e-05,-2.834002811276762e-05,-5.8502651417424874e-05,0.12180267965895249,-0.12180267965895249,0.12180267965895249
8.22,0.12164153456983348,-0.12168263501244436,0.12159642429102119,0.0,0.0,0.0,-1.2966646711525344e-05,-2.813379589936396e-05,-5.807692552381472e-05,0.121654501216545,-0.121654501216545,0.121654501216545
8.23,0.12149381046590457,-0.12153461218000715,0.12144902805797309,0.0,0.0,0.0,-1.2872401653139355e-05,-2.7929312449437166e-05,-5.7654809584625895e-05,0.12150668286755771,-0.12150668286755771,0.12150668286755771
8.24,0.12134644434618065,-0.1213869498618073,0.12130198703231197,0.0,0.0,0.0,-1.2778954790218251e-05,-2.7726560836418923e-05,-5.723626865889792e-05,0.12135922330097088,-0.12135922330097088,0.12135922330097088
8.25,0.12119943491371503,-0.12123964673643904,0.12115529994393553,0.0,0.0,0.0,-1.2686298406179771e-05,-2.7525524317830877e-05,-5.682126818567471e-05,0.12121212121212122,-0.12121212121212122,0.12121212121212122
8.26,0.12105278087779517,-0.12109270148899651,0.12100896552868402,0.0,0.0,0.0,-1.2594424868265266e-05,-2.732618633306274e-05,-5.640977397941827e-05,0.12106537530266344,-0.12106537530266344,0.12106537530266344
8.27,0.12090648095390552,-0.12094611281103324,0.12086298252830656,0.0,0.0,0.0,-1.2503326626529204e-05,-2.7128530501179933e-05,-5.600175222548333e-05,0.12091898428053205,-0.12091898428053205,0.12091898428053205
8.28,0.12076053386369055,-0.12079987940052216,0.12071734969042774,0.0,0.0,0.0,-1.2412996212842016e-05,-2.693254061876014e-05,-5.55971694756514e-05,0.12077294685990339,-0.12077294685990339,0.12077294685990339
8.290000000000001,0.1206149383349181,-0.12065399996181576,0.12057206576851429,0.0,0.0,0.0,-1.2323426239906191e-05,-2.6738200657758567e-05,-5.519599264372461e-05,0.12062726176115801,-0.12062726176115801,0.12062726176115801
8.3,0.12046969310144308,-0.12050847320560676,0.12042712952184219,0.0,0.0,0.0,-1.2234609400285368e-05,-2.6545494763401595e-05,-5.479818900117742e-05,0.12048192771084336,-0.12048192771084336,0.12048192771084336
8.31,0.12032479690317113,-0.12036329784888869,0.12028253971546371,0.0,0.0,0.0,-1.2146538465446175e-05,-2.635440725210768e-05,-5.4403726172865276e-05,0.12033694344163658,-0.12033694344163658,0.12033694344163658
8.32,0.12018024848602286,-0.12021847261491712,0.12013829512017489,0.0,0.0,0.0,-1.205920628481275e-05,-2.6164922609436297e-05,-5.4012572132790584e-05,0.12019230769230768,-0.12019230769230768,0.12019230769230768
8.33,0.12003604660189823,-0.12007399623317114,0.11999439451248314,0.0,0.0,0.0,-1.1972605784833737e-05,-2.5977025488063434e-05,-5.362469519992416e-05,0.12004801920768307,-0.12004801920768307,0.12004801920768307
8.34,0.11989219000864106,-0.1199298674393149,0.11985083667457504,0.0,0.0,0.0,-1.188672996806147e-05,-2.5790700705783888e-05,-5.324006403408121e-05,0.11990407673860912,-0.11990407673860912,0.11990407673860912
8.35,0.11974867747000392,-0.1197860849751597,0.11970762039428431,0.0,0.0,0.0,-1.180157191224332e-05,-2.5605933243539887e-05,-5.2858647631852105e-05,0.11976047904191617,-0.11976047904191617,0.11976047904191617
8.36,0.11960550775561336,-0.11964264758862626,0.1195647444650602,0.0,0.0,0.0,-1.1717124769424955e-05,-2.5422708243475357e-05,-5.248041532258611e-05,0.11961722488038279,-0.11961722488038279,0.11961722488038279
8.370000000000001,0.11946267964093504,-0.11949955403370711,0.11942220768593567,0.0,0.0,0.0,-1.163338176506526e-05,-2.524101100701573e-05,-5.21053367644278e-05,0.1194743130227001,-0.1194743130227001,0.1194743130227001
8.38,0.11932019190723958,-0.11935680307042972,0.11928000886149634,0.0,0.0,0.0,-1.1550336197163043e-05,-2.5060826992973238e-05,-5.173338194040575e-05,0.11933174224343675,-0.11933174224343675,0.11933174224343675
8.39,0.11917804334156817,-0.11921439346481924,0.11913814680184899,0.0,0.0,0.0,-1.1467981435394876e-05,-2.4882141815676234e-05,-5.1364521154571434e-05,0.11918951132300357,-0.11918951132300357,0.11918951132300357
8.4,0.11903623273669878,-0.11907232398886217,0.11899662032259085,0.0,0.0,0.0,-1.1386310920264448e-05,-2.4704941243123718e-05,-5.0998725028189655e-05,0.11904761904761904,-0.11904761904761904,0.11904761904761904
8.41,0.11889475889111241,-0.11893059342046984,0.1188554282447787,0.0,0.0,0.0,-1.1305318162262858e-05,-2.4529211195163464e-05,-5.063596449597764e-05,0.11890606420927467,-0.11890606420927467,0.11890606420927467
8.42,0.11875362060895968,-0.11878920054344241,0.11871456939489833,0.0,0.0,0.0,-1.1224996741039904e-05,-2.435493774169403e-05,-5.027621080239395e-05,0.11876484560570072,-0.11876484560570072,0.11876484560570072
8.43,0.11861281670002757,-0.11864814414743305,0.11857404260483417,0.0,0.0,0.0,-1.1145340304586135e-05,-2.418210710089005e-05,-4.991943549797505e-05,0.11862396204033215,-0.11862396204033215,0.11862396204033215
8.44,0.11847234597970646,-0.11850742302791234,0.11843384671183917,0.0,0.0,0.0,-1.106634256842555e-05,-2.4010705637450763e-05,-4.956561043571996e-05,0.11848341232227488,-0.11848341232227488,0.11848341232227488
8.45,0.11833220726895738,-0.11836703598613307,0.11829398055850468,0.0,0.0,0.0,-1.0987997314818762e-05,-2.384071986087117e-05,-4.921470776752125e-05,0.1183431952662722,-0.1183431952662722,0.1183431952662722
8.46,0.1181923993942794,-0.11822698182909512,0.11815444299273074,0.0,0.0,0.0,-1.0910298391976459e-05,-2.3672136423735464e-05,-4.8866699940642876e-05,0.11820330969267138,-0.11820330969267138,0.11820330969267138
8.47,0.1180529211876775,-0.11808725936951081,0.11801523286769654,0.0,0.0,0.0,-1.0833239713283155e-05,-2.350494212003297e-05,-4.85215596942435e-05,0.11806375442739078,-0.11806375442739078,0.11806375442739078
8.48,0.11791377148663025,-0.11794786742577028,0.11787634904183084,0.0,0.0,0.0,-1.075681525653082e-05,-2.3339123883495335e-05,-4.8179260055944336e-05,0.11792452830188678,-0.11792452830188678,0.11792452830188678
8.49,0.11777494913405814,-0.11780880482190727,0.11773779037878286,0.0,0.0,0.0,-1.0681019063162566e-05,-2.3174668785955566e-05,-4.783977433844177e-05,0.11778563015312131,-0.11778563015312131,0.11778563015312131
8.5,0.11763645297829188,-0.11767007038756513,0.11759955574739325,0.0,0.0,0.0,-1.0605845237525993e-05,-2.3011564035728144e-05,-4.7503076136163836e-05,0.11764705882352941,-0.11764705882352941,0.11764705882352941
8.51,0.11749828187304094,-0.11753166295796308,0.1174616440216651,0.0,0.0,0.0,-1.0531287946136183e-05,-2.2849796976009975e-05,-4.7169139321969016e-05,0.11750881316098707,-0.11750881316098707,0.11750881316098707
8.52,0.1173604346773624,-0.11739358137386265,0.11732405408073546,0.0,0.0,0.0,-1.0457341416948214e-05,-2.2689355083301967e-05,-4.683793804388847e-05,0.11737089201877934,-0.11737089201877934,0.11737089201877934
8.53,0.11722291025562996,-0.11725582448153445,0.11718678480884669,0.0,0.0,0.0,-1.0383999938638984e-05,-2.2530225965850936e-05,-4.650944672190941e-05,0.1172332942555686,-0.1172332942555686,0.1172332942555686
8.540000000000001,0.11708570747750309,-0.1171183911327251,0.11704983509531819,0.0,0.0,0.0,-1.0311257859898244e-05,-2.2372397362111323e-05,-4.618364004480027e-05,0.11709601873536299,-0.11709601873536299,0.11709601873536299
8.55,0.11694882521789665,-0.1169812801846246,0.11691320383451839,0.0,0.0,0.0,-1.0239109588728847e-05,-2.221585713922698e-05,-4.586049296697636e-05,0.11695906432748537,-0.11695906432748537,0.11695906432748537
8.56,0.1168122623569503,-0.11684449049983359,0.11677688992583665,0.0,0.0,0.0,-1.0167549591755763e-05,-2.206059329153212e-05,-4.553998070540561e-05,0.11682242990654206,-0.11682242990654206,0.11682242990654206
8.57,0.11667601777999852,-0.11670802094633113,0.11664089227365551,0.0,0.0,0.0,-1.0096572393544105e-05,-2.190659393907148e-05,-4.522207873655419e-05,0.11668611435239207,-0.11668611435239207,0.11668611435239207
8.58,0.11654009037754062,-0.11657187039744268,0.11650520978732318,0.0,0.0,0.0,-1.0026172575925803e-05,-2.1753847326139682e-05,-4.490676279337088e-05,0.11655011655011654,-0.11655011655011654,0.11655011655011654
8.59,0.11640447904521102,-0.11643603773180819,0.11636984138112605,0.0,0.0,0.0,-9.956344777334896e-06,-2.160234181983879e-05,-4.4594008862310205e-05,0.11641443538998836,-0.11641443538998836,0.11641443538998836
8.6,0.11626918268374971,-0.11630052183335052,0.11623478597426147,0.0,0.0,0.0,-9.887083692151258e-06,-2.145206590865469e-05,-4.428379318039323e-05,0.11627906976744186,-0.11627906976744186,0.11627906976744186
8.61,0.11613420019897293,-0.11616532159124403,0.11610004249081067,0.0,0.0,0.0,-9.818384070052756e-06,-2.130300820105135e-05,-4.397609223230608e-05,0.11614401858304298,-0.11614401858304298,0.11614401858304298
8.620000000000001,0.115999530501744,-0.11603043589988346,0.11596560985971184,0.0,0.0,0.0,-9.750240715375567e-06,-2.1155157424083016e-05,-4.3670882747535246e-05,0.11600928074245938,-0.11600928074245938,0.11600928074245938
8.63,0.11586517250794456,-0.11589586365885307,0.1158314870147335,0.0,0.0,0.0,-9.682648486482744e-06,-2.1008502422024075e-05,-4.3368141697539385e-05,0.11587485515643105,-0.11587485515643105,0.11587485515643105
8.64,0.11573112513844559,-0.11576160377289574,0.11569767289444777,0.0,0.0,0.0,-9.615602295140611e-06,-2.0863032155016375e-05,-4.306784629295669e-05,0.11574074074074073,-0.11574074074074073,0.11574074074074073
8.65,0.11559738731907906,-0.1156276551518827,0.11556416644220412,0.0,0.0,0.0,-9.54909710590329e-06,-2.0718735697733464e-05,-4.27699739808482e-05,0.11560693641618497,-0.11560693641618497,0.11560693641618497
8.66,0.11546395798060953,-0.11549401671078309,0.11543096660610305,0.0,0.0,0.0,-9.483127935504816e-06,-2.0575602238062125e-05,-4.24745024419756e-05,0.11547344110854503,-0.11547344110854503,0.11547344110854503
8.67,0.11533083605870599,-0.11536068736963405,0.11529807233897013,0.0,0.0,0.0,-9.417689852259118e-06,-2.0433621075800122e-05,-4.218140958811361e-05,0.11534025374855825,-0.11534025374855825,0.11534025374855825
8.68,0.11519802049391394,-0.11522766605351077,0.11516548259833001,0.0,0.0,0.0,-9.35277797546743e-06,-2.0292781621370822e-05,-4.1890673559396484e-05,0.1152073732718894,-0.1152073732718894,0.1152073732718894
8.69,0.11506551023162759,-0.11509495169249698,0.11503319634638073,0.0,0.0,0.0,-9.288387474833304e-06,-2.015307339455385e-05,-4.160227272169748e-05,0.11507479861910243,-0.11507479861910243,0.11507479861910243
8.700000000000001,0.11493330422206229,-0.1149625432216554,0.11490121254996813,0.0,0.0,0.0,-9.224513569884892e-06,-2.001448602323168e-05,-4.1316185664042146e-05,0.11494252873563217,-0.11494252873563217,0.11494252873563217
8.71,0.11480140142022718,-0.11483043958099874,0.11476953018056053,0.0,0.0,0.0,-9.161151529404637e-06,-1.98770092421522e-05,-4.103239119605363e-05,0.11481056257175659,-0.11481056257175659,0.11481056257175659
8.72,0.11466980078589793,-0.1146986397154605,0.11463814821422337,0.0,0.0,0.0,-9.098296670865969e-06,-1.9740632891706627e-05,-4.075086834542994e-05,0.1146788990825688,-0.1146788990825688,0.1146788990825688
8.73,0.11453850128358972,-0.11456714257486632,0.11450706563159414,0.0,0.0,0.0,-9.03594435987721e-06,-1.9605346916722948e-05,-4.0471596355453666e-05,0.1145475372279496,-0.1145475372279496,0.1145475372279496
8.74,0.1144075018825304,-0.11443594711390531,0.11437628141785751,0.0,0.0,0.0,-8.97409000963241e-06,-1.9471141365274437e-05,-4.0194554682532255e-05,0.11441647597254004,-0.11441647597254004,0.11441647597254004
8.75,0.11427680155663392,-0.11430505229210179,0.1142457945627205,0.0,0.0,0.0,-8.91272908036908e-06,-1.9338006387503062e-05,-3.99197229937693e-05,0.11428571428571428,-0.11428571428571428,0.11428571428571428
8.76,0.11414639928447369,-0.11417445707378698,0.11411560406038795,0.0,0.0,0.0,-8.851857078832679e-06,-1.9205932234457757e-05,-3.964708116456644e-05,0.11415525114155252,-0.11415525114155252,0.11415525114155252
8.77,0.1140162940492564,-0.11404416042807108,0.11398570890953788,0.0,0.0,0.0,-8.791469557747837e-06,-1.9074909256947015e-05,-3.937660927625517e-05,0.11402508551881414,-0.11402508551881414,0.11402508551881414
8.78,0.11388648483879588,-0.11391416132881559,0.11385610811329741,0.0,0.0,0.0,-8.731562115296194e-06,-1.8944927904406073e-05,-3.9108287613757875e-05,0.11389521640091117,-0.11389521640091117,0.11389521640091117
8.790000000000001,0.11375697064548708,-0.11378445875460545,0.1137268006792184,0.0,0.0,0.0,-8.67213039460069e-06,-1.881597872377796e-05,-3.88420966632786e-05,0.11376564277588168,-0.11376564277588168,0.11376564277588168
8.8,0.11362775046628042,-0.11365505168872204,0.11359778561925361,0.0,0.0,0.0,-8.613170083216373e-06,-1.8688052358408768e-05,-3.857801711002241e-05,0.11363636363636363,-0.11363636363636363,0.11363636363636363
8.81,0.11349882330265604,-0.11352593911911563,0.11346906194973273,0.0,0.0,0.0,-8.554676912627459e-06,-1.856113954695639e-05,-3.831602983594275e-05,0.11350737797956867,-0.11350737797956867,0.11350737797956867
8.82,0.11337018816059848,-0.11339712003837854,0.11334062869133871,0.0,0.0,0.0,-8.496646657750698e-06,-1.8435231122313093e-05,-3.8056115917517416e-05,0.11337868480725623,-0.11337868480725623,0.11337868480725623
8.83,0.11324184405057136,-0.11326859344371835,0.11321248486908427,0.0,0.0,0.0,-8.439075136444919e-06,-1.831031801054127e-05,-3.779825662355188e-05,0.11325028312570781,-0.11325028312570781,0.11325028312570781
8.84,0.11311378998749233,-0.11314035833693117,0.11308462951228834,0.0,0.0,0.0,-8.381958209026602e-06,-1.8186391229822557e-05,-3.7542433413009753e-05,0.11312217194570136,-0.11312217194570136,0.11312217194570136
8.85,0.11298602499070809,-0.1130124137243753,0.112957061654553,0.0,0.0,0.0,-8.325291777791524e-06,-1.8063441889419847e-05,-3.7288627932870325e-05,0.11299435028248588,-0.11299435028248588,0.11299435028248588
8.86,0.11285854808396968,-0.11288475861694487,0.1128297803337402,0.0,0.0,0.0,-8.269071786542282e-06,-1.794146118865222e-05,-3.703682201601255e-05,0.11286681715575622,-0.11286681715575622,0.11286681715575622
8.870000000000001,0.11273135829540781,-0.11275739203004383,0.11270278459194881,0.0,0.0,0.0,-8.21329422012164e-06,-1.7820440415882568e-05,-3.678699767912513e-05,0.11273957158962794,-0.11273957158962794,0.11273957158962794
8.88,0.11260445465750865,-0.11263031298356012,0.11257607347549196,0.0,0.0,0.0,-8.15795510395177e-06,-1.7700370947517664e-05,-3.6539137120642827e-05,0.1126126126126126,-0.1126126126126126,0.1126126126126126
8.89,0.1124778362070892,-0.1125035205018398,0.11244964603487408,0.0,0.0,0.0,-8.103050503578943e-06,-1.7581244247020602e-05,-3.629322271870737e-05,0.11248593925759279,-0.11248593925759279,0.11248593925759279
8.9,0.11235150198527352,-0.11237701361366169,0.1123235013247686,0.0,0.0,0.0,-8.048576524224077e-06,-1.7463051863935417e-05,-3.604923702915446e-05,0.11235955056179775,-0.11235955056179775,0.11235955056179775
8.91,0.11222545103746856,-0.11225079135221183,0.11219763840399538,0.0,0.0,0.0,-7.994529310338646e-06,-1.734578543292365e-05,-3.580716278352485e-05,0.1122334455667789,-0.1122334455667789,0.1122334455667789
8.92,0.11209968241334049,-0.11212485275505847,0.11207205633549855,0.0,0.0,0.0,-7.94090504516614e-06,-1.7229436672812896e-05,-3.556698288710034e-05,0.11210762331838565,-0.11210762331838565,0.11210762331838565
8.93,0.11197419516679102,-0.11199919686412699,0.11194675418632437,0.0,0.0,0.0,-7.88769995030889e-06,-1.7113997385656904e-05,-3.5328680416963594e-05,0.11198208286674133,-0.11198208286674133,0.11198208286674133
8.94,0.11184898835593395,-0.11187382272567506,0.11182173102759917,0.0,0.0,0.0,-7.834910285300186e-06,-1.6999459455807223e-05,-3.50922386200819e-05,0.11185682326621925,-0.11185682326621925,0.11185682326621925
8.950000000000001,0.11172406104307181,-0.11174872939026799,0.11169698593450757,0.0,0.0,0.0,-7.782532347181654e-06,-1.6885814848996338e-05,-3.485764091141436e-05,0.11173184357541899,-0.11173184357541899,0.11173184357541899
8.96,0.11159941229467277,-0.11162391591275428,0.11157251798627081,0.0,0.0,0.0,-7.730562470085838e-06,-1.6773055611431926e-05,-3.462487087204249e-05,0.11160714285714285,-0.11160714285714285,0.11160714285714285
8.97,0.11147504118134752,-0.11149938135224124,0.11144832626612501,0.0,0.0,0.0,-7.678997024823819e-06,-1.6661173868902178e-05,-3.439391224732303e-05,0.11148272017837234,-0.11148272017837234,0.11148272017837234
8.98,0.1113509467778265,-0.11137512477207087,0.11132440986129992,0.0,0.0,0.0,-7.6278324184779355e-06,-1.6550161825892116e-05,-3.4164748945064176e-05,0.11135857461024498,-0.11135857461024498,0.11135857461024498
8.99,0.11122712816293714,-0.11125114523979585,0.11120076786299742,0.0,0.0,0.0,-7.577065093999431e-06,-1.644001176471066e-05,-3.393736503372349e-05,0.11123470522803114,-0.11123470522803114,0.11123470522803114
9.0,0.11110358441958129,-0.11112744182715574,0.11107739936637048,0.0,0.0,0.0,-7.526691529811034e-06,-1.633071604462835e-05,-3.371174474062784e-05,0.1111111111111111,-0.1111111111111111,0.1111111111111111
9.01,0.11098031463471286,-0.11100401361005331,0.11095430347050206,0.0,0.0,0.0,-7.476708239414363e-06,-1.6222267101025523e-05,-3.348787245021527e-05,0.11098779134295228,-0.11098779134295228,0.11098779134295228
9.02,0.11085731789931548,-0.11088085966853103,0.11083147927838419,0.0,0.0,0.0,-7.427111771002091e-06,-1.611465744455092e-05,-3.326573270229787e-05,0.11086474501108648,-0.11086474501108648,0.11086474501108648
9.03,0.11073459330838042,-0.11075797908674778,0.11070892589689715,0.0,0.0,0.0,-7.377898707074864e-06,-1.6007879660290425e-05,-3.3045310190346275e-05,0.1107419712070875,-0.1107419712070875,0.1107419712070875
9.040000000000001,0.1106121399608846,-0.11063537095295561,0.11058664243678887,0.0,0.0,0.0,-7.329065664062813e-06,-1.5901926406945953e-05,-3.282658975979422e-05,0.11061946902654866,-0.11061946902654866,0.11061946902654866
9.05,0.11048995695976882,-0.11051303435947679,0.1104646280126544,0.0,0.0,0.0,-7.2806092919517204e-06,-1.579679041602435e-05,-3.260955640636455e-05,0.11049723756906077,-0.11049723756906077,0.11049723756906077
9.06,0.11036804341191593,-0.11039096840268088,0.11034288174291543,0.0,0.0,0.0,-7.232526273913625e-06,-1.569246449103591e-05,-3.2394195274414635e-05,0.11037527593818984,-0.11037527593818984,0.11037527593818984
9.07,0.1102463984281294,-0.11026917218296205,0.11022140274980004,0.0,0.0,0.0,-7.184813325941981e-06,-1.5588941506702778e-05,-3.218049165530249e-05,0.11025358324145534,-0.11025358324145534,0.11025358324145534
9.08,0.11012502112311187,-0.11014764480471655,0.1101001901593226,0.0,0.0,0.0,-7.137467196491173e-06,-1.5486214408176896e-05,-3.196843098577215e-05,0.11013215859030837,-0.11013215859030837,0.11013215859030837
9.09,0.1100039106154439,-0.11002638537632028,0.10997924310126365,0.0,0.0,0.0,-7.0904846661204e-06,-1.5384276210267264e-05,-3.175799884635873e-05,0.11001100110011001,-0.11001100110011001,0.11001100110011001
9.1,0.10988306602756275,-0.10990539301010656,0.10985856070915008,0.0,0.0,0.0,-7.0438625471418376e-06,-1.5283119996676643e-05,-3.154918095981286e-05,0.10989010989010989,-0.10989010989010989,0.10989010989010989
9.11,0.10976248648574154,-0.10978466682234406,0.10973814212023526,0.0,0.0,0.0,-6.997597683273067e-06,-1.5182738919247394e-05,-3.134196318954369e-05,0.10976948408342481,-0.10976948408342481,0.10976948408342481
9.120000000000001,0.10964217112006824,-0.10966420593321476,0.10961798647547946,0.0,0.0,0.0,-6.951686949293641e-06,-1.5083126197216366e-05,-3.113633153808108e-05,0.10964912280701754,-0.10964912280701754,0.10964912280701754
9.13,0.10952211906442508,-0.10954400946679227,0.10949809291953023,0.0,0.0,0.0,-6.906127250705824e-06,-1.4984275116478838e-05,-3.093227214555584e-05,0.10952902519167579,-0.10952902519167579,0.10952902519167579
9.14,0.10940232945646784,-0.10942407655102011,0.10937846060070305,0.0,0.0,0.0,-6.860915523399361e-06,-1.4886179028861132e-05,-3.072977128819867e-05,0.10940919037199125,-0.10940919037199125,0.10940919037199125
9.15,0.10928280143760548,-0.1093044063176902,0.10925908867096194,0.0,0.0,0.0,-6.816048733320287e-06,-1.478883135140209e-05,-3.052881537685649e-05,0.1092896174863388,-0.1092896174863388,0.1092896174863388
9.16,0.10916353415297976,-0.10918499790242155,0.10913997628590037,0.0,0.0,0.0,-6.7715238761437145e-06,-1.469222556564308e-05,-3.0329390955527277e-05,0.1091703056768559,-0.1091703056768559,0.1091703056768559
9.17,0.10904452675144508,-0.10906585044463896,0.10902112260472212,0.0,0.0,0.0,-6.727337976950496e-06,-1.4596355216926556e-05,-3.0131484699911697e-05,0.10905125408942203,-0.10905125408942203,0.10905125408942203
9.18,0.10892577838554844,-0.10894696308755206,0.10890252679022237,0.0,0.0,0.0,-6.68348808990781e-06,-1.4501213913702907e-05,-2.9935083415982594e-05,0.10893246187363835,-0.10893246187363835,0.10893246187363835
9.19,0.10880728821150945,-0.10882833497813424,0.10878418800876882,0.0,0.0,0.0,-6.639971297953481e-06,-1.440679532684567e-05,-2.974017403857131e-05,0.1088139281828074,-0.1088139281828074,0.1088139281828074
9.200000000000001,0.10868905538920054,-0.108709965267102,0.10866610543028306,0.0,0.0,0.0,-6.5967847124841485e-06,-1.431309318897486e-05,-2.9546743629970804e-05,0.10869565217391303,-0.10869565217391303,0.10869565217391303
9.21,0.10857107908212738,-0.10859185310889422,0.10854827822822187,0.0,0.0,0.0,-6.5539254730471e-06,-1.422010129378842e-05,-2.9354779378555763e-05,0.10857763300760043,-0.10857763300760043,0.10857763300760043
9.22,0.10845335845740914,-0.10847399766165157,0.10843070557955875,0.0,0.0,0.0,-6.511390747035745e-06,-1.4127813495401483e-05,-2.916426859741848e-05,0.10845986984815617,-0.10845986984815617,0.10845986984815617
9.23,0.10833589268575923,-0.10835639808719633,0.1083133866647656,0.0,0.0,0.0,-6.469177729388801e-06,-1.4036223707693645e-05,-2.8975198723021592e-05,0.10834236186348863,-0.10834236186348863,0.10834236186348863
9.24,0.10821868094146593,-0.10823905355101189,0.10819632066779436,0.0,0.0,0.0,-6.4272836422929345e-06,-1.3945325903663937e-05,-2.8787557313866525e-05,0.10822510822510822,-0.10822510822510822,0.10822510822510822
9.25,0.10810172240237323,-0.10812196322222291,0.10807950677605893,0.0,0.0,0.0,-6.3857057348890385e-06,-1.3855114114793385e-05,-2.8601332049177765e-05,0.10810810810810811,-0.10810810810810811,0.10810810810810811
9.26,0.10798501624986172,-0.10800512627357511,0.1079629441804171,0.0,0.0,0.0,-6.3444412829818995e-06,-1.3765582430415227e-05,-2.8416510727602557e-05,0.1079913606911447,-0.1079913606911447,0.1079913606911447
9.27,0.1078685616688298,-0.10788854188141565,0.10784663207515263,0.0,0.0,0.0,-6.303487588753373e-06,-1.3676724997092445e-05,-2.823308126592644e-05,0.10787486515641856,-0.10787486515641856,0.10787486515641856
9.28,0.1077523578476747,-0.10777220922567318,0.10773056965795738,0.0,0.0,0.0,-6.262841980478882e-06,-1.3588536018002852e-05,-2.8051031697803405e-05,0.10775862068965518,-0.10775862068965518,0.10775862068965518
9.290000000000001,0.10763640397827386,-0.10765612748983844,0.1076147561299136,0.0,0.0,0.0,-6.222501812247312e-06,-1.3501009752331196e-05,-2.7870350172501356e-05,0.1076426264800861,-0.1076426264800861,0.1076426264800861
9.3,0.10752069925596641,-0.10754029586094477,0.10749919069547643,0.0,0.0,0.0,-6.182464463684221e-06,-1.3414140514668701e-05,-2.769102495366249e-05,0.1075268817204301,-0.1075268817204301,0.1075268817204301
9.31,0.10740524287953465,-0.10742471352954874,0.10738387256245625,0.0,0.0,0.0,-6.142727339678242e-06,-1.3327922674419401e-05,-2.751304441807794e-05,0.10741138560687433,-0.10741138560687433,0.10741138560687433
9.32,0.10729003405118569,-0.107309379689711,0.10726880094200132,0.0,0.0,0.0,-6.103287870110765e-06,-1.3242350655213722e-05,-2.733639705447715e-05,0.1072961373390558,-0.1072961373390558,0.1072961373390558
9.33,0.10717507197653328,-0.1071942935389772,0.10715397504858054,0.0,0.0,0.0,-6.06414350958879e-06,-1.3157418934328776e-05,-2.7161071462331217e-05,0.10718113612004287,-0.10718113612004287,0.10718113612004287
9.34,0.10706035586457974,-0.10707945427835903,0.10703939409996625,0.0,0.0,0.0,-6.0252917371809116e-06,-1.307312204211557e-05,-2.6987056350670574e-05,0.10706638115631692,-0.10706638115631692,0.10706638115631692
9.35,0.10694588492769785,-0.10696486111231544,0.10692505731721709,0.0,0.0,0.0,-5.986730056156382e-06,-1.2989454561432876e-05,-2.681434053691629e-05,0.10695187165775401,-0.10695187165775401,0.10695187165775401
9.36,0.10683165838161313,-0.10685051324873393,0.10681096392466112,0.0,0.0,0.0,-5.948455993727275e-06,-1.2906411127087774e-05,-2.664291294572521e-05,0.10683760683760685,-0.10683760683760685,0.10683760683760685
9.370000000000001,0.10671767544538585,-0.10673640989891194,0.1066971131498788,0.0,0.0,0.0,-5.910467100793601e-06,-1.2823986425282696e-05,-2.6472762607848554e-05,0.10672358591248665,-0.10672358591248665,0.10672358591248665
9.38,0.10660393534139372,-0.10662255027753847,0.10658350422368641,0.0,0.0,0.0,-5.872760951691509e-06,-1.274217519306904e-05,-2.63038786590041e-05,0.10660980810234541,-0.10660980810234541,0.10660980810234541
9.39,0.10649043729531397,-0.10650893360267573,0.10647013638011917,0.0,0.0,0.0,-5.835335143944299e-06,-1.2660972217807002e-05,-2.6136250338760967e-05,0.10649627263045792,-0.10649627263045792,0.10649627263045792
9.4,0.10637718053610624,-0.10639555909574089,0.10635700885641482,0.0,0.0,0.0,-5.798187298016463e-06,-1.2580372336631877e-05,-2.5969866989438e-05,0.10638297872340426,-0.10638297872340426,0.10638297872340426
9.41,0.106264164295995,-0.106282425981488,0.10624412089299706,0.0,0.0,0.0,-5.7613150570704936e-06,-1.2500370435926488e-05,-2.58047180550148e-05,0.10626992561105207,-0.10626992561105207,0.10626992561105207
9.42,0.10615138781045255,-0.10616953348799008,0.10613147173345923,0.0,0.0,0.0,-5.72471608672661e-06,-1.242096145079979e-05,-2.564079308005539e-05,0.10615711252653928,-0.10615711252653928,0.10615711252653928
9.43,0.1060388503181818,-0.1060568808466212,0.10601906062454798,0.0,0.0,0.0,-5.6883880748252085e-06,-1.2342140364571516e-05,-2.54780817086443e-05,0.10604453870625663,-0.10604453870625663,0.10604453870625663
9.44,0.10592655106109933,-0.10594446729203878,0.10590688681614718,0.0,0.0,0.0,-5.652328731192128e-06,-1.2263902208262872e-05,-2.5316573683335367e-05,0.10593220338983052,-0.10593220338983052,0.10593220338983052
9.450000000000001,0.10581448928431841,-0.1058322920621659,0.1057949495612617,0.0,0.0,0.0,-5.6165357874065875e-06,-1.2186242060093044e-05,-2.515625884411231e-05,0.10582010582010581,-0.10582010582010581,0.10582010582010581
9.46,0.10570266423613238,-0.10572035439817394,0.10568324811600159,0.0,0.0,0.0,-5.581006996571887e-06,-1.2109155044981669e-05,-2.499712712736169e-05,0.10570824524312895,-0.10570824524312895,0.10570824524312895
9.47,0.10559107516799784,-0.10560865354446498,0.10557178173956608,0.0,0.0,0.0,-5.545740133088684e-06,-1.2032636334056929e-05,-2.483916856485758e-05,0.10559662090813093,-0.10559662090813093,0.10559662090813093
9.48,0.1054797213345181,-0.10549718874865471,0.10546054969422777,0.0,0.0,0.0,-5.510732992430941e-06,-1.195668114416946e-05,-2.4682373282758082e-05,0.10548523206751054,-0.10548523206751054,0.10548523206751054
9.49,0.10536860199342678,-0.10538595926155511,0.1053495512453171,0.0,0.0,0.0,-5.4759833909244745e-06,-1.188128473741183e-05,-2.4526731500613407e-05,0.1053740779768177,-0.1053740779768177,0.1053740779768177
9.5,0.10525771640557131,-0.10527496433715748,0.10523878566120645,0.0,0.0,0.0,-5.4414891655279996e-06,-1.1806442420643559e-05,-2.4372233530385395e-05,0.10526315789473684,-0.10526315789473684,0.10526315789473684
9.51,0.10514706383489683,-0.10516420323261547,0.10512825221329497,0.0,0.0,0.0,-5.407248173616796e-06,-1.1732149545021608e-05,-2.421886977547829e-05,0.10515247108307045,-0.10515247108307045,0.10515247108307045
9.52,0.10503664354842993,-0.10505367520822823,0.10501795017599291,0.0,0.0,0.0,-5.3732582927687635e-06,-1.1658401505536337e-05,-2.406663072978095e-05,0.10504201680672269,-0.10504201680672269,0.10504201680672269
9.53,0.10492645481626256,-0.10494337952742366,0.1049078788267064,0.0,0.0,0.0,-5.339517420553024e-06,-1.158519374055273e-05,-2.391550697671971e-05,0.10493179433368312,-0.10493179433368312,0.10493179433368312
9.540000000000001,0.10481649691153616,-0.10483331545674184,0.10479803744582215,0.0,0.0,0.0,-5.306023474320889e-06,-1.151252173135695e-05,-2.376548918832231e-05,0.10482180293501048,-0.10482180293501048,0.10482180293501048
9.55,0.10470676911042574,-0.10472348226581844,0.10468842531669245,0.0,0.0,0.0,-5.272774390999302e-06,-1.1440381001708114e-05,-2.3616568124292865e-05,0.10471204188481674,-0.10471204188481674,0.10471204188481674
9.56,0.10459727069212416,-0.10461387922736844,0.10457904172561995,0.0,0.0,0.0,-5.239768126886575e-06,-1.1368767117395121e-05,-2.3468734631096714e-05,0.10460251046025104,-0.10460251046025104,0.10460251046025104
9.57,0.10448800093882635,-0.10450450561716959,0.10446988596184274,0.0,0.0,0.0,-5.207002657450503e-06,-1.1297675685798656e-05,-2.3321979641056568e-05,0.1044932079414838,-0.1044932079414838,0.1044932079414838
9.58,0.10437895913571389,-0.10439536071404648,0.10436095731751956,0.0,0.0,0.0,-5.174475977128808e-06,-1.1227102355458171e-05,-2.3176294171458565e-05,0.10438413361169102,-0.10438413361169102,0.10438413361169102
9.59,0.10427014457093944,-0.10428644379985422,0.1042522550877149,0.0,0.0,0.0,-5.142186099131828e-06,-1.1157042815643846e-05,-2.3031669323668525e-05,0.10427528675703858,-0.10427528675703858,0.10427528675703858
9.6,0.10416155653561142,-0.10417775415946261,0.10414377857038441,0.0,0.0,0.0,-5.1101310552474955e-06,-1.1087492795933391e-05,-2.288809628225863e-05,0.10416666666666667,-0.10416666666666667,0.10416666666666667
9.61,0.10405319432377866,-0.1040692910807401,0.10403552706636017,0.0,0.0,0.0,-5.078308895648508e-06,-1.1018448065793724e-05,-2.2745566314143647e-05,0.10405827263267431,-0.10405827263267431,0.10405827263267431
9.620000000000001,0.10394505723241525,-0.1039610538545381,0.10392749987933622,0.0,0.0,0.0,-5.046717688701724e-06,-1.0949904434167397e-05,-2.260407076772733e-05,0.10395010395010394,-0.10395010395010394,0.10395010395010394
9.63,0.10383714456140548,-0.10385304177467533,0.1038196963158542,0.0,0.0,0.0,-5.015355520779743e-06,-1.088185774906377e-05,-2.2463601072058545e-05,0.10384215991692626,-0.10384215991692626,0.10384215991692626
9.64,0.10372945561352881,-0.10374525413792204,0.10371211568528889,0.0,0.0,0.0,-4.984220496074575e-06,-1.0814303897154767e-05,-2.2324148735996635e-05,0.10373443983402489,-0.10373443983402489,0.10373443983402489
9.65,0.10362198969444493,-0.10363769024398471,0.10360475729983395,0.0,0.0,0.0,-4.953310736413482e-06,-1.0747238803375292e-05,-2.2185705347386752e-05,0.10362694300518134,-0.10362694300518134,0.10362694300518134
9.66,0.10351474611267895,-0.10353034939549056,0.1034976204744878,0.0,0.0,0.0,-4.922624381076888e-06,-1.0680658430528168e-05,-2.2048262572244197e-05,0.10351966873706003,-0.10351966873706003,0.10351966873706003
9.67,0.10340772417960677,-0.10342323089797227,0.10339070452703943,0.0,0.0,0.0,-4.8921595866183655e-06,-1.0614558778893545e-05,-2.191181215394824e-05,0.10341261633919338,-0.10341261633919338,0.10341261633919338
9.68,0.10330092320944026,-0.10331633405985279,0.1032840087780545,0.0,0.0,0.0,-4.8619145266866426e-06,-1.0548935885842727e-05,-2.177634591244495e-05,0.10330578512396695,-0.10330578512396695,0.10330578512396695
9.69,0.1031943425192129,-0.1032096581924302,0.10317753255086129,0.0,0.0,0.0,-4.831887391849652e-06,-1.048378582545643e-05,-2.1641855743459057e-05,0.10319917440660475,-0.10319917440660475,0.10319917440660475
9.700000000000001,0.10308798142876521,-0.10310320260986278,0.10307127517153691,0.0,0.0,0.0,-4.802076389420544e-06,-1.0419104708147258e-05,-2.1508333617714798e-05,0.10309278350515463,-0.10309278350515463,0.10309278350515463
9.71,0.10298183926073044,-0.10299696662915402,0.10296523596889356,0.0,0.0,0.0,-4.7724797432856995e-06,-1.0354888680286567e-05,-2.1375771580165578e-05,0.10298661174047373,-0.10298661174047373,0.10298661174047373
9.72,0.10287591534052025,-0.10289094957013782,0.10285941427446475,0.0,0.0,0.0,-4.7430956937346375e-06,-1.0291133923835397e-05,-2.124416174923216e-05,0.10288065843621398,-0.10288065843621398,0.10288065843621398
9.73,0.10277020899631052,-0.1027851507554638,0.10275380942249177,0.0,0.0,0.0,-4.7139224972918855e-06,-1.0227836655979708e-05,-2.1113496316049598e-05,0.10277492291880781,-0.10277492291880781,0.10277492291880781
9.74,0.10266471955902724,-0.10267956951058256,0.10264842074991007,0.0,0.0,0.0,-4.6849584265507e-06,-1.0164993128769636e-05,-2.09837675437227e-05,0.1026694045174538,-0.1026694045174538,0.1026694045174538
9.75,0.10255944636233255,-0.10257420516373132,0.10254324759633597,0.0,0.0,0.0,-4.656201770008721e-06,-1.010259962876282e-05,-2.085496776658967e-05,0.10256410256410256,-0.10256410256410256,0.10256410256410256
9.76,0.10245438874261072,-0.1024690570459193,0.10243828930405313,0.0,0.0,0.0,-4.6276508319054035e-06,-1.004065247667177e-05,-2.0727089389494226e-05,0.10245901639344263,-0.10245901639344263,0.10245901639344263
9.77,0.10234954603895433,-0.10236412449091341,0.10233354521799932,0.0,0.0,0.0,-4.599303932061313e-06,-9.979148027015174e-06,-2.060012488706575e-05,0.1023541453428864,-0.1023541453428864,0.1023541453428864
9.78,0.10224491759315052,-0.10225940683522401,0.10222901468575323,0.0,0.0,0.0,-4.571159405719226e-06,-9.918082667773135e-06,-2.0474066803007625e-05,0.10224948875255624,-0.10224948875255624,0.10224948875255624
9.790000000000001,0.10214050274966728,-0.10215490341809072,0.10212469705752128,0.0,0.0,0.0,-4.543215603386997e-06,-9.85745282004618e-06,-2.0348907749393427e-05,0.10214504596527067,-0.10214504596527067,0.10214504596527067
9.8,0.10203630085563992,-0.10205061358146832,0.10202059168612462,0.0,0.0,0.0,-4.515470890682202e-06,-9.797254937718293e-06,-2.0224640405971178e-05,0.1020408163265306,-0.1020408163265306,0.1020408163265306
9.81,0.10193231126085742,-0.10194653667001273,0.10191669792698613,0.0,0.0,0.0,-4.487923648178488e-06,-9.737485507123469e-06,-2.0101257519475114e-05,0.1019367991845056,-0.1019367991845056,0.1019367991845056
9.82,0.1018285333177491,-0.10184267203106707,0.10181301513811741,0.0,0.0,0.0,-4.460572271253668e-06,-9.67814104671615e-06,-1.9978751902945428e-05,0.10183299389002036,-0.10183299389002036,0.10183299389002036
9.83,0.10172496638137127,-0.10173901901464795,0.10170954268010615,0.0,0.0,0.0,-4.433415169939515e-06,-9.619218106745337e-06,-1.9857116435055353e-05,0.1017293997965412,-0.1017293997965412,0.1017293997965412
9.84,0.10162160980939383,-0.10163557697343154,0.10160627991610316,0.0,0.0,0.0,-4.406450768773191e-06,-9.56071326893223e-06,-1.9736344059446015e-05,0.1016260162601626,-0.1016260162601626,0.1016260162601626
9.85,0.10151846296208726,-0.10153234526274006,0.10150322621180984,0.0,0.0,0.0,-4.3796775066503994e-06,-9.50262314615159e-06,-1.9616427784068405e-05,0.10152284263959391,-0.10152284263959391,0.10152284263959391
9.86,0.10141552520230937,-0.10142932324052817,0.10140038093546552,0.0,0.0,0.0,-4.353093836680095e-06,-9.44494438211655e-06,-1.9497360680532888e-05,0.10141987829614606,-0.10141987829614606,0.10141987829614606
9.870000000000001,0.10131279589549229,-0.1013265102673694,0.10129774345783486,0.0,0.0,0.0,-4.3266982260408496e-06,-9.387673651066967e-06,-1.937913588346587e-05,0.10131712259371833,-0.10131712259371833,0.10131712259371833
9.88,0.10121027440962958,-0.10122390570644288,0.10119531315219554,0.0,0.0,0.0,-4.300489155838838e-06,-9.330807657461271e-06,-1.9261746589873587e-05,0.10121457489878542,-0.10121457489878542,0.10121457489878542
9.89,0.10110796011526325,-0.1011215089235199,0.10109308939432571,0.0,0.0,0.0,-4.27446512096733e-06,-9.274343135671627e-06,-1.9145186058513025e-05,0.10111223458038422,-0.10111223458038422,0.10111223458038422
9.9,0.10100585238547104,-0.1010193192869507,0.10099107156249174,0.0,0.0,0.0,-4.248624629967804e-06,-9.218276849682584e-06,-1.902944760926964e-05,0.10101010101010101,-0.10101010101010101,0.10101010101010101
9.91,0.10090395059585364,-0.10091733616765132,0.10088925903743598,0.0,0.0,0.0,-4.222966204892567e-06,-9.162605592793016e-06,-1.8914524622542263e-05,0.10090817356205853,-0.10090817356205853,0.10090817356205853
9.92,0.10080225412452207,-0.10081555893909055,0.1007876512023646,0.0,0.0,0.0,-4.197488381168898e-06,-9.107326187321363e-06,-1.8800410538634466e-05,0.10080645161290323,-0.10080645161290323,0.10080645161290323
9.93,0.10070076235208508,-0.10071398697727686,0.1006862474429354,0.0,0.0,0.0,-4.172189707464694e-06,-9.052435484314112e-06,-1.8687098857152972e-05,0.10070493454179255,-0.10070493454179255,0.10070493454179255
9.94,0.10059947466163674,-0.10061261966074556,0.10058504714724589,0.0,0.0,0.0,-4.147068745555616e-06,-8.99793036325754e-06,-1.857458313641243e-05,0.1006036217303823,-0.1006036217303823,0.1006036217303823
9.950000000000001,0.10049839043874387,-0.10051145637054586,0.10048404970582121,0.0,0.0,0.0,-4.122124070193655e-06,-8.943807731792563e-06,-1.8462856992846944e-05,0.10050251256281406,-0.10050251256281406,0.10050251256281406
9.96,0.10039750907143381,-0.10041049649022823,0.10038325451160236,0.0,0.0,0.0,-4.0973542689772105e-06,-8.890064525432851e-06,-1.8351914100428053e-05,0.1004016064257028,-0.1004016064257028,0.1004016064257028
9.97,0.10029682995018215,-0.10030973940583164,0.10028266095993427,0.0,0.0,0.0,-4.072757942222537e-06,-8.836697707285867e-06,-1.8241748190088972e-05,0.10030090270812436,-0.10030090270812436,0.10030090270812436
9.98,0.10019635246790036,-0.10020918450587098,0.10018226844855405,0.0,0.0,0.0,-4.048333702836636e-06,-8.78370426777714e-06,-1.8132353049155403e-05,0.1002004008016032,-0.1002004008016032,0.1002004008016032
9.99,0.1000960760199239,-0.10010883118132446,0.10008207637757931,0.0,0.0,0.0,-4.0240801761915466e-06,-8.731081224377477e-06,-1.802372252078235e-05,0.10010010010010009,-0.10010010010010009,0.10010010010010009
10.0,0.09999600000400001,-0.10000867882562134,0.09998208414949661,0.0,0.0,0.0,-3.999996000000001e-06,-8.678825621333191e-06,-1.7915850503397307e-05,0.1,-0.1,0.1
